Data,ret_vwra11,ret_divo11,ret_b5p211,ret_cdib11,ret_gold11,ret_carteira_nominal,ret_ipca,ret_carteira_real,cdi_nominal,cdi_real
2006-01-01,-0.0065321526854541,0.121304285155271,0.0296333487731836,0.0141750858552332,0.0204848998289675,0.0358875500189014,0.005900449633194,0.0298112008963138,0.0143,0.008350279960475993
2006-02-01,-0.0373715667965053,0.0510677213068953,0.0310889201112476,0.0112750858552332,-0.0280530504731545,0.0105987440360304,0.0041013817657116,0.0064708229550418,0.011399999999999999,0.007268806085550583
2006-03-01,0.0390719957694143,0.0279020889145864,0.0037326260460781,0.0140750858552332,0.0204779325000712,0.020522717849938,0.0042994040971251,0.0161538617733203,0.014199999999999999,0.00985821146809851
2006-04-01,-0.0070619790491712,0.0458629465122177,0.0068085753159023,0.0106750858552332,0.0544470635796034,0.0130335331857949,0.0020996722178372,0.010910951546126,0.0108,0.008682098221733936
2006-05-01,0.0582218835558088,-0.0964283231977628,-0.0177510156146164,0.0126750858552332,0.2160485053429688,0.0025166737412535,0.0010010747973598,0.0015140832333278,0.0128,0.011787125408460275
2006-06-01,-0.0589578722760841,0.0200435061880823,0.0192114546924848,0.0116750858552332,-0.1698043847872282,-0.0139005435148145,-0.0021009299134432,-0.0118244559545965,0.0118,0.01393019627950709
2006-07-01,0.0132745971979815,0.0027620612245669,0.0236170730998916,0.0115750858552332,0.0691356656028219,0.0180171582171672,0.0018994790999034,0.0160871219653131,0.011699999999999999,0.009781940308923431
2006-08-01,0.0082745660973753,-0.0209632517800548,0.01881646036119,0.0123750858552332,-0.0192161740380283,0.0054742492085378,0.0005001395738344,0.0049716231292302,0.0125,0.011993861821225638
2006-09-01,0.0288169963203419,0.0044876949377472,0.0066284467502137,0.0103750858552332,-0.0401239955051524,0.0107065711012415,0.0021003111715627,0.0085882219910871,0.0105,0.008382083844098442
2006-10-01,0.0220027177563852,0.0573075388365127,0.0267516695285474,0.0107750858552332,-0.0346079730824823,0.0275713465442746,0.0032985433044985,0.0241930015764104,0.0109,0.007576465396296639
2006-11-01,0.0397148298944283,0.0534866882699955,0.0165674085430356,0.0100750858552332,0.0831049502916194,0.0338977518468845,0.0030988390916237,0.0307037667226803,0.0102,0.007079223533751566
2006-12-01,0.0091201433623073,0.0648627528070777,0.024449943429196,0.0096750858552332,-0.0106277942984533,0.0254409355196251,0.0047991208656092,0.0205432252331525,0.0098,0.004976993938930363
2007-01-01,0.0028796912462782,-0.0035484784522155,0.0143888257810089,0.0106750858552332,-0.0051194355443202,0.0061875245113896,0.0044014454790537,0.0017782521524389,0.0108,0.006370515046296488
2007-02-01,-0.0090478490912053,0.0243816599807831,0.0105572044074671,0.0085750858552332,0.0501836514174391,0.0093227958954154,0.0044011939571149,0.0049000359297766,0.0087,0.004279969068882394
2007-03-01,-0.0128036075102159,0.0722333701775925,0.0137493478431796,0.0103750858552332,-0.0470502501178921,0.0142715727065926,0.0036996042636423,0.0105330005093571,0.0105,0.006775329697720434
2007-04-01,0.0365129967832515,0.0674525643140979,0.0234443079350505,0.0092750858552332,0.0278221318194236,0.0356769959555481,0.0025001132981856,0.0330941435489835,0.009399999999999999,0.006882679223959354
2007-05-01,-0.0225777405713532,0.0900915166438431,0.0141916150752041,0.0100750858552332,-0.0688793535522399,0.013981413802594,0.0027990205311734,0.0111511808871704,0.0102,0.007380321796591316
2007-06-01,-0.0041727682770079,0.0502311444904846,0.0112960474043402,0.0088750858552332,-0.0183427658907204,0.0128394333749562,0.0027987212285822,0.010012689419939,0.009000000000000001,0.0061839715589386834
2007-07-01,-0.0399968819699985,0.0078331643836366,0.002103417515807,0.0095750858552332,-0.0123420608061534,-0.0097294134554954,0.0024013066704626,-0.012101660328288,0.0097,0.007281208914003079
2007-08-01,0.0418420234719167,0.0244464464871454,0.0056816325093251,0.0097750858552332,0.0444963984149529,0.0224281235562435,0.0047014152829631,0.0176437576414558,0.009899999999999999,0.005174258379612828
2007-09-01,-0.0129413114715338,0.0461197612906545,0.0133309718324929,0.0078750858552332,0.0044083939009389,0.0112881215374765,0.0018003474224159,0.0094707235223785,0.008,0.006188511107563022
2007-10-01,-0.0137307779773759,0.0185486327847275,0.0009216764007975,0.0090750858552332,0.0037615843438574,0.0006009972340062,0.0030001373825285,-0.0023919639281239,0.0092,0.006181317814822007
2007-11-01,-0.0205080438907898,-0.0178336920514416,0.0071067508065918,0.0082750858552332,0.0913885038968251,-0.0018932717672856,0.0037981853114623,-0.0056699216655606,0.0084,0.004584402279139033
2007-12-01,-0.0189327935805579,-0.0179517379718024,0.0058412245026131,0.0082750858552332,-0.0111249219970105,-0.0070761876745715,0.0074016706311887,-0.0143714853050513,0.0084,0.0009909943549981648
2008-01-01,-0.0876466944447071,-0.0090132842306387,0.0134778531064567,0.0090750858552332,0.1009838809732988,-0.0172025755955305,0.0053997261698186,-0.0224809110018909,0.0092,0.003779863601772515
2008-02-01,-0.0419315691640848,0.0788855681974722,0.0143949954109352,0.0078750858552332,-0.0098546206117752,0.008856664316816,0.0049010147940735,0.003936357377003,0.008,0.0030838711080030112
2008-03-01,0.0236264946769448,-0.0144995494670913,-0.0077192980777706,0.0082750858552332,0.0904774278840985,0.0060379449655235,0.0048010203527029,0.0012310144872129,0.0084,0.0035817834321403286
2008-04-01,0.0179984456713322,0.1452769876878359,0.017714738517697,0.0088750858552332,-0.0936755184671737,0.0373008050154486,0.005499300416865,0.0316275750618615,0.009000000000000001,0.0034815534746601706
2008-05-01,-0.0200254699873518,0.0920368521785215,0.0050580303528944,0.0085750858552332,-0.0570339372601521,0.0119999990104105,0.0079007864922733,0.0040670793922121,0.0087,0.0007929485902160582
2008-06-01,-0.1059651758067372,-0.0797128120045651,0.007886603759132,0.0093750858552332,-0.0234996753889901,-0.0452837031159692,0.0074011870365362,-0.0522978241741883,0.0095,0.002083393379392229
2008-07-01,-0.0394172843155378,-0.0631533973744066,0.0105996863769903,0.0104750858552332,0.0400809135043453,-0.0176881902507675,0.0052981816640529,-0.0228652277842297,0.0106,0.005273876380807785
2008-08-01,0.0199650525147481,-0.0804354418056562,0.0099236929701957,0.0099750858552332,-0.0692725286561113,-0.0090929675586723,0.002800264215645,-0.0118600205830817,0.0101,0.007279351676342527
2008-09-01,0.0269733335949764,-0.1296037634029436,-0.0028077718781547,0.0108750858552332,0.1583005865274149,-0.0104930777342252,0.0025997414273351,-0.0130588694775852,0.011000000000000001,0.008378476699690607
2008-10-01,-0.1155329446444721,-0.2022927295295428,-0.0058549674522557,0.0115750858552332,0.0739476744756586,-0.0731842782636079,0.0045010571193933,-0.0773372360660121,0.011699999999999999,0.007166685221069891
2008-11-01,0.0308290443289962,0.0463465471894186,0.0226225929476866,0.0098750858552332,0.0396567684367679,0.0300436526302573,0.003600713880665,0.0263480668993787,0.01,0.006376326790951126
2008-12-01,0.038834733778166,-0.0038454193006652,0.0436660867614298,0.0109750858552332,0.0735925833338637,0.0325761544373435,0.0028009068282504,0.0296920828514895,0.0111,0.008275913110209254
2009-01-01,-0.0956745133975719,0.0038660048337049,0.0275093376272967,0.0102750858552332,0.0428497960638625,-0.014269173905657,0.0047980199525727,-0.0189761459314279,0.0104,0.005575229982729857
2009-02-01,-0.0732200912277427,-0.0066335464345261,0.0156501544064444,0.0083750858552332,0.1268049130070065,-0.0102736749495382,0.0055010080020918,-0.0156883810419783,0.0085,0.0029825847751927537
2009-03-01,0.0553905413499902,0.072893821793202,0.0156368144538661,0.0095750858552332,-0.0466680776916396,0.0355960029533635,0.0019981318835473,0.0335308719654587,0.0097,0.00768650945683369
2009-04-01,0.0537394971609237,0.0903382148136024,0.0057602719702809,0.0082750858552332,-0.0942451336261632,0.0321950985105635,0.0048009779516966,0.0272632303908682,0.0084,0.003581825781698633
2009-05-01,-0.003130317303017,0.0840816043443544,0.0213879694878631,0.0075750858552332,-0.0550674502719468,0.0220577952522753,0.0046998773206281,0.017276719469637,0.0077,0.002986088430081857
2009-06-01,-0.016486605550695,-0.0259467042567683,0.0041301718010771,0.0073750858552332,0.0067760945018937,-0.0077756947782749,0.0035988986828843,-0.0113338042479792,0.0075,0.0038871119948771238
2009-07-01,0.0443105756111048,0.059893588759458,0.013556482457425,0.0076750858552332,-0.0531412657227806,0.0284211744248157,0.0023996494894003,0.0259592318778945,0.0078000000000000005,0.005387422584745005
2009-08-01,0.0442216718341688,0.030352015232999,0.0065374576479342,0.0067750858552332,0.0230771795112993,0.0234445009243507,0.0014995528239336,0.0219120897643325,0.0069,0.005392361045832406
2009-09-01,-0.0145750074101907,0.0735277542126735,0.006313692037182,0.0067750858552332,-0.010234557252776,0.0126855518644731,0.0024003921199995,0.0102605304480389,0.0069,0.004488832920829244
2009-10-01,-0.0348950158854716,-0.0054059523447871,0.0049784654946261,0.0067750858552332,0.0255930149530518,-0.0079399039963342,0.0027998914874591,-0.0107098091802373,0.0069,0.0040886607062342595
2009-11-01,0.0443112470741455,0.055549234233553,0.0072582938268432,0.0064750858552332,0.084092227856124,0.0318349041852594,0.0041012761381207,0.0276203493673519,0.0066,0.002488517763357123
2009-12-01,0.0144794901007709,0.0205596020803036,0.009875324840779,0.0070750858552332,0.0012718012364381,0.0128232417371871,0.0036986898256095,0.0090909273909314,0.0072,0.0034884076365577776
2010-01-01,0.0300859436922067,-0.0303157598072025,0.0118781535091287,0.0064750858552332,0.0601624565779133,0.0110457696715303,0.0074993620737076,0.003520009770054,0.0066,-0.0008926676358945729
2010-02-01,-0.0231344943310141,0.0045310737535917,0.0122638043196356,0.0057750858552332,-0.0543906528090009,-0.0035593901684199,0.0077987777200334,-0.0112702735303462,0.0059,-0.0018840841664137242
2010-03-01,0.0471068684738078,0.066932997782434,0.0140859546641174,0.0074750858552332,-0.0008805906295951,0.033482766725558,0.0051992049426716,0.0281372703478206,0.0076,0.0023883773937776187
2010-04-01,-0.0271539426258279,-0.020811668061589,0.0015496509273063,0.0064750858552332,0.0026440907864431,-0.0112326971970598,0.0057015578630197,-0.016838250798838,0.0066,0.0008933486579152383
2010-05-01,-0.051200012109536,-0.0494834740738278,0.0076706519270741,0.0073750858552332,0.1004647231152744,-0.0167964472282713,0.0043003531971768,-0.0210064652056396,0.0075,0.0031859461092862418
2010-06-01,-0.0378427964393431,-0.0009553946941538,0.0091804104316806,0.0077750858552332,0.0141977446155667,-0.0067731121744214,0.0,-0.0067731121744214,0.0079,0.007900000000000018
2010-07-01,0.0544346259392429,0.0802363562351242,0.0133265419293844,0.0084750858552332,-0.0567184041192194,0.0352961098873522,9.965474453044187e-05,0.0351929479985795,0.0086,0.008499498240143843
2010-08-01,-0.0361592351300515,-0.0262664988337611,0.0097274737274717,0.0087750858552332,0.0181089772143272,-0.010865877661301,0.0003985792578067,-0.011259968929049,0.0089,0.008498033602267085
2010-09-01,0.0578111663079348,0.058813022877771,0.0071406574984043,0.0082750858552332,0.0079542945681452,0.0327736864884652,0.0044982954673247,0.0281487695387139,0.0084,0.0038842321089853638
2010-10-01,0.0394261619076179,0.0312246115636976,0.0160585644534032,0.0079750858552332,0.0598770760042923,0.0278888047593624,0.0075009036269826,0.0202361120064347,0.008100000000000001,0.0005946360651991611
2010-11-01,-0.0158125458920282,-0.0194360308543032,0.0046936501899084,0.0079750858552332,0.0292149778351309,-0.0048940066779875,0.0082990977033026,-0.0130845147152678,0.008100000000000001,-0.00019745897200162954
2010-12-01,0.0424895461562786,0.0148725314755728,0.01368108950842,0.0091750858552332,-0.0146823397903169,0.020918443248612,0.006300615892288,0.0145263027026594,0.009300000000000001,0.002980604463858505
2011-01-01,0.019165969735158,-0.0260798108173082,0.007734948449845,0.0084750858552332,-0.0185329522414607,0.0031249148177123,0.0083012869654464,-0.0051337553711874,0.0086,0.00029625374718356134
2011-02-01,0.0202785293171532,0.0065081031691904,0.007658688342375,0.0082750858552332,0.0031811660641167,0.0110214673619015,0.0080001986084992,0.0029972898393999,0.0084,0.00039662828643560744
2011-03-01,-0.0200726152978011,0.0538039029937118,0.017677469402354,0.0090750858552332,0.0141784341550832,0.0129726597708594,0.0078997598670034,0.0050331393119147,0.0092,0.0012900490552436583
2011-04-01,0.0050882978546269,-0.0141612898993347,0.0071547750039697,0.0082750858552332,0.0048665303812152,0.0022132221899314,0.0077003903648904,-0.0054452377188939,0.0084,0.0006942635348747839
2011-05-01,-0.0182787995683306,0.0073585415224481,0.008849259777115,0.0097750858552332,0.0254210846952347,0.0012875808723598,0.0047013249188407,-0.0033977700255911,0.009899999999999999,0.005174348786271654
2011-06-01,-0.0274258343199915,-0.0012682265336114,0.0064100270094875,0.0093750858552332,-0.0019301638658646,-0.0055451386994563,0.001499435825957,-0.00703402745265,0.0095,0.007988585802292336
2011-07-01,-0.0202311456141525,-0.0361607442530362,0.012431501716994,0.0095750858552332,0.0251383558552158,-0.0065932197625329,0.0015996144055669,-0.0081797497226097,0.0097,0.008087448794836583
2011-08-01,-0.0554027792482959,0.0327255691981378,0.0388864957394652,0.0105750858552332,0.1399855667097209,0.0130069109891725,0.0036994038846747,0.0092732017857881,0.010700000000000001,0.006974793537019464
2011-09-01,0.0566335392292549,-0.019570498592093,0.0164801404286178,0.0092750858552332,0.1765932732769766,0.0289614361784155,0.0053009145500964,0.023535760572652,0.009399999999999999,0.004077471123895338
2011-10-01,0.0079341704946402,0.0556055526679812,0.0066503667270654,0.0086750858552332,-0.1443900375257686,0.0093757607892877,0.0043012355246883,0.0050527920160809,0.0088,0.004479497103238472
2011-11-01,0.0387970899824035,0.0184814020770474,0.0139499533943285,0.0084750858552332,0.1190418706324958,0.0272912365922484,0.0051999240193749,0.0219770336676305,0.0086,0.0033824873036494285
2011-12-01,0.0326256890537526,0.0551989536638573,0.0012334102844644,0.0088750858552332,-0.0235916917506624,0.0205850312679115,0.0049988189441361,0.0155086872043794,0.009000000000000001,0.003981279361171319
2012-01-01,-0.0177167121378033,0.0525285971013118,0.0183689545383975,0.0087750858552332,-0.0654085117584252,0.0097066162991208,0.0055997391097413,0.004084007811115,0.0089,0.003281883200546787
2012-02-01,0.0319221464360661,0.0761416691201464,0.0144640527659503,0.0072750858552332,0.0363993973956924,0.0327743230237755,0.0044992535329366,0.0281484226010046,0.0074,0.0028877537308873436
2012-03-01,0.0718075248790517,0.0211033068370642,0.0110726120356783,0.0079750858552332,0.0234493732937479,0.0317631866028487,0.0020999421207088,0.0296010839191993,0.008100000000000001,0.005987484508374941
2012-04-01,0.0257985699104925,0.0134441579170947,0.0169480406237498,0.0068750858552332,0.0210651737000024,0.0186046317838284,0.0063998188894791,0.0121272010042854,0.006999999999999999,0.0005963644858193451
2012-05-01,-0.0274088296949355,-0.0788524517600551,0.0068176096272036,0.0071750858552332,0.0296336042311666,-0.0194256609052902,0.003599176342337,-0.022942263993821,0.0073,0.003687551509508724
2012-06-01,0.0485809764103333,0.0459051742434755,0.0077230009018287,0.0062750858552332,0.0053217565542313,0.0274243702529998,0.0007988643482357,0.0266042527157581,0.0064,0.005596664675885599
2012-07-01,0.0279299404895987,0.0127594163029109,0.0165207133354057,0.0066750858552332,0.0105578689220744,0.0184007984804894,0.0043012358156842,0.014039176854496,0.0068000000000000005,0.0024880624410326124
2012-08-01,0.0147747993040587,-0.0463893020774658,0.0061474310294939,0.0067750858552332,0.0157241406742307,-0.0012614868860047,0.0040998370357663,-0.0053394331161314,0.0069,0.002788729627225095
2012-09-01,0.0282556980975252,0.0061637461203627,0.0163806289488603,0.0052750858552332,0.0666090503896397,0.0198559170451179,0.0057003906561428,0.014075291727529,0.0054,-0.00029868801775723153
2012-10-01,-0.0058797439030224,0.00838848933339,0.0179298541595611,0.0059750858552332,0.0010669085897854,0.0074378160818466,0.00590023952028,0.0015285577049866,0.0060999999999999995,0.00019858875847877933
2012-11-01,0.0503056674275115,0.0154860515398409,0.0099319638091877,0.0052750858552332,0.022104123693462,0.0235306565373314,0.0060007317965604,0.0174253598299727,0.0054,-0.0005971484687566919
2012-12-01,-0.0077083028061034,0.0759929969955639,0.0137030381028504,0.0051750858552332,-0.0516390682330972,0.0160441246795287,0.0079010245592046,0.00807926564405,0.0053,-0.0025806348994853456
2013-01-01,0.0173163522178234,-0.0189788635777047,0.0021522610086524,0.0057750858552332,-0.0350008431653493,0.0007987494877612,0.008599679108165,-0.0077344161236513,0.0059,-0.0026766606851910124
2013-02-01,-0.0075110961978589,-0.0085590746540105,-0.0052071531004738,0.0046750858552332,-0.0330596933468424,-0.0074672354049297,0.005999823858382,-0.0133867411742286,0.0048,-0.0011926680600999884
2013-03-01,0.0368011249777759,-0.0104285992834469,0.0064131723320819,0.0052750858552332,-0.0029960820505657,0.0116338367597095,0.0047001017717032,0.0069012981841838,0.0054,0.0006966240244852262
2013-04-01,0.0223811107184641,-0.000993499885349,0.0090357466235666,0.0058750858552332,-0.0720013051406341,0.006823620923626,0.0055004601870156,0.0013159225569765,0.006,0.0004968071450623945
2013-05-01,0.0620058450312197,-0.025128845155103,-0.0120600450682186,0.0056750858552332,0.0116710352923716,0.009619272508438,0.0036992704367089,0.0058981830973667,0.0058,0.002092987038216254
2013-06-01,0.0085854202649446,-0.0730687418546025,-0.0064999211191651,0.0057750858552332,-0.0134323557665574,-0.0150209542346693,0.0026009907508337,-0.0175762293754631,0.0059,0.003290450817025059
2013-07-01,0.0824963113071663,0.0222374531121922,0.0085617131171105,0.0069750858552332,-0.0106228015476501,0.0324386834768117,0.0002987147193695,0.0321303709427027,0.0070999999999999995,0.0067992542433072956
2013-08-01,0.0139420419563374,0.0123378168417993,-0.0045680607256637,0.0068750858552332,0.0885905165240668,0.0095962317839606,0.0023997654040994,0.0071792378931374,0.006999999999999999,0.004589221540814981
2013-09-01,-0.0116148796448714,0.0609311673147709,0.0119407662749078,0.0068750858552332,-0.0626378065204786,0.0106899400461936,0.0034997785799595,0.0071650852543374,0.006999999999999999,0.003488014142856599
2013-10-01,0.0269111403954427,0.0585042137300559,0.0046924437721322,0.0078750858552332,-0.0361937992634326,0.0202352267030869,0.005699400105376,0.014453450599839,0.008,0.002287562162593515
2013-11-01,0.0699314670464819,-0.0352866648721864,-0.0002237495117629,0.0069750858552332,0.0222062463956222,0.0152916739473448,0.0054011648006808,0.0098373758584462,0.0070999999999999995,0.0016897088036058605
2013-12-01,0.024460240320048,-0.0218706626154662,0.0115328341708063,0.0076750858552332,-0.0355005899900111,0.0061857980345047,0.0091995736137817,-0.002986302866226,0.0078000000000000005,-0.0013868155024779893
2014-01-01,-0.006049804756919,-0.0729696692496226,-0.0080679282510701,0.0082750858552332,0.0539116079564176,-0.0165267118868457,0.0054987825622019,-0.0219050433784937,0.0084,0.002885351517189383
2014-02-01,0.0066719852804857,-0.0224097429563013,0.0285011284389136,0.0076750858552332,0.0044769736327459,0.0095277013428498,0.0068997515880897,0.0026099418046485,0.0078000000000000005,0.0008940794855598622
2014-03-01,-0.0253871313877882,0.0707249379281473,0.0088321281245784,0.0074750858552332,-0.0037527634672515,0.0102478155385234,0.0092004846175353,0.0010377828161518,0.0076,-0.0015858936276094138
2014-04-01,-0.0031652513952956,0.0216039925667084,0.0129965892040022,0.0080750858552332,-0.0405116598354005,0.0069480300773455,0.0067002190653553,0.0002461616748432,0.008199999999999999,0.0014897989552808966
2014-05-01,0.0225908004233261,-0.029038265676522,0.0145129353885788,0.0084750858552332,-0.0060747714658324,0.006894776866595,0.0045993120142693,0.0022849556284516,0.0086,0.003982371815195673
2014-06-01,0.002188949500242,0.0453816284100427,0.010926780809537,0.0080750858552332,-0.0244115022557637,0.0132869020358694,0.0039999492714106,0.0092499534200158,0.008199999999999999,0.004183317670122699
2014-07-01,0.0167064834379901,0.0589515429131612,0.0083979387778172,0.0092750858552332,0.0547577674118064,0.0233630717885082,0.0001010529719678,0.0232596683579258,0.009399999999999999,0.009298007436747469
2014-08-01,0.0090964208184496,0.0777774307165946,0.0133610610000565,0.0084750858552332,-0.024792497270429,0.0228129662181166,0.0025008083420903,0.0202614877783671,0.0086,0.006083976797980117
2014-09-01,0.0588267904598978,-0.129881934953106,-0.0001332776562257,0.0088750858552332,0.0449270203640299,-0.005691555604179,0.0056997142583568,-0.0113267108472195,0.009000000000000001,0.0032815816638436246
2014-10-01,0.0036076488904113,-0.0566258220064084,0.0092059313507559,0.0092750858552332,-0.0153412816042503,-0.0068638069813067,0.0041991962397651,-0.0110167417604967,0.009399999999999999,0.005179055888223649
2014-11-01,0.0645118094535974,-0.0285783495618928,0.0103014465844384,0.0082750858552332,0.0066704876679628,0.0185057302336358,0.0050998003992015,0.0133379091599756,0.0084,0.0032834546375271056
2014-12-01,0.0172622020823536,-0.1091865918047371,0.0002432688114855,0.0094750858552332,0.06003110565609,-0.0130860406360809,0.0077995452333905,-0.0207239484957643,0.0096,0.0017865207174632136
2015-01-01,-0.0130270272590136,-0.1121926409523976,0.0203714941557295,0.0091750858552332,0.0435508724818662,-0.0155617407890368,0.0123994423453024,-0.027618726329565,0.009300000000000001,-0.0030614816797234212
2015-02-01,0.1404247153765265,0.1010589830176245,0.0120434554323651,0.0080750858552332,0.0599358716849254,0.0705571412664368,0.0121989197605956,0.0576548940791639,0.008199999999999999,-0.003950725181115056
2015-03-01,0.0971454300697924,-0.041807346457011,0.0101277206665937,0.0102750858552332,0.0704951141395553,0.0288717579959124,0.0132008441617752,0.0154667398121857,0.0104,-0.002764352376840362
2015-04-01,-0.0399892879500497,0.1178545331301872,0.0044305779489208,0.0093750858552332,-0.0514895892962381,0.0112406262485406,0.0071003923838623,0.0041110438403049,0.0095,0.0023826895851541963
2015-05-01,0.0606965654285325,-0.0697954128731366,0.0161468353681248,0.0096750858552332,0.0613705398116588,0.0142609024845269,0.0073989621194812,0.0068115420236376,0.0098,0.002383403170743037
2015-06-01,-0.0473238207113672,-0.0254401190517941,0.0083028795121016,0.0105750858552332,-0.0382888837692755,-0.0173497081146304,0.0079011364167795,-0.0250528981653697,0.010700000000000001,0.0027769227378497963
2015-07-01,0.102729106684329,-0.0352213984807504,0.0176424640835652,0.0116750858552332,0.0435223593308482,0.0335913102018787,0.0061989750347415,0.0272235768936173,0.0118,0.005566518257549502
2015-08-01,0.0010268041076098,-0.1109223677843457,-0.0048531858172371,0.0109750858552332,0.064468895257097,-0.0200455075958645,0.0021996214068815,-0.0221963055339399,0.0111,0.008880844098328788
2015-09-01,0.0495352349856317,-0.0624523581143012,0.0077280563755959,0.0109750858552332,0.0957854344558899,0.0107993474386237,0.0053995605811372,0.0053707869678851,0.0111,0.00566982485606804
2015-10-01,0.0467752259674782,0.063947824635782,0.0247217672767352,0.0109750858552332,0.0001816359078843,0.0372686757162498,0.0081988595278847,0.0288334150685092,0.0111,0.0028775478614149197
2015-11-01,-0.0107057398869143,-0.0762838108084725,0.0052849890453712,0.0104750858552332,-0.0654748600252241,-0.0191044772181198,0.0100999784382482,-0.028912440629414,0.0106,0.0004950218517227878
2015-12-01,-0.0040148936037033,-0.0379189818868084,0.021035165108205,0.0114750858552332,0.0042925222515306,0.0004141819901475,0.0095990293116428,-0.0090975199607289,0.0116,0.0019819459312688803
2016-01-01,-0.027764041666022,-0.0959065488898454,0.0295423821611113,0.0103750858552332,0.0560415819357891,-0.01237273602378,0.0126992746768983,-0.0247576070484277,0.0105,-0.0021716957164801265
2016-02-01,-0.0230959331010207,0.0814338282825295,0.0152158032459766,0.0098750858552332,0.0753349247210777,0.0197048075534058,0.0089995450779412,0.0106097792884909,0.01,0.00099153158882892
2016-03-01,-0.0391502867824778,0.2049506630520101,0.0074166396195813,0.0114750858552332,-0.0726687246083706,0.0291520204858343,0.0042995482642806,0.0247460752765507,0.0116,0.007269197470352928
2016-04-01,-0.0164710626091429,0.1236068887551036,0.0152328346884753,0.0103750858552332,-0.033189873767125,0.0247324534480733,0.0061007347774413,0.0185187407449349,0.0105,0.004372589215464462
2016-05-01,0.042787914543932,-0.1187455786583208,0.0078193164969759,0.0109750858552332,0.0572876199168597,-0.0043718794810895,0.0077990105732852,-0.0120767037144156,0.0111,0.0032754442027453923
2016-06-01,-0.1131583119474637,0.076440431197154,0.0092147773982582,0.0114750858552332,-0.0970450628505303,-0.0192519952352698,0.0034992930829071,-0.0226719525115772,0.0116,0.008072459017092193
2016-07-01,0.0522582103690087,0.126789619534561,0.0119019832825182,0.0109750858552332,0.0568656958361737,0.0491882194151924,0.0052007954659294,0.0437598379822949,0.0111,0.00586868271561225
2016-08-01,0.0030530239597943,0.0181902472752442,0.0107715933938503,0.0119750858552332,0.0021723994591635,0.0095699682662471,0.0043999245121384,0.0051473956020255,0.0121,0.0076663441523072695
2016-09-01,0.0073926635027397,-0.0029778202804918,0.0139277970621922,0.0109750858552332,-0.0083717677543515,0.0073235197246445,0.0008001283583223,0.006518175988869,0.0111,0.010291637011051735
2016-10-01,-0.0365215434396248,0.1481331484257912,0.004426896439285,0.0103750858552332,-0.0648395438464409,0.0177177023294244,0.0026009749964666,0.0150775111035683,0.0105,0.007878533135838195
2016-11-01,0.0755245199484557,-0.0223390131202673,0.0038078711141171,0.0102750858552332,0.0428740245505319,0.0223701573264183,0.0018010208590197,0.0205321576232384,0.0104,0.008583520042340087
2016-12-01,-0.0193154319934973,-0.0093944007553566,0.0137802691980117,0.0110750858552332,-0.1037679822140487,-0.0067960468878566,0.0029991053089204,-0.0097658633441753,0.011200000000000002,0.008176372887744199
2017-01-01,-0.0150661829880731,0.0854900115884176,0.0113975338498353,0.0106750858552332,-0.0119896062449225,0.0170714349417112,0.0038004899805266,0.0132206998239678,0.0108,0.006973009167996258
2017-02-01,0.0189620646397861,0.0694838256365475,0.0147546373997036,0.0084750858552332,0.0255889227697487,0.0271904399103758,0.0033000615371778,0.0238117979745711,0.0086,0.005282505868385856
2017-03-01,0.0343290650227723,-0.0190281374253658,0.0137428135939892,0.0103750858552332,0.0193405790335507,0.0134760007037934,0.0024991319570779,0.0109495044901299,0.0105,0.007980922664045265
2017-04-01,0.0247766380452354,0.0089604150126458,0.0069317667213182,0.0077750858552332,0.0385180021273039,0.0143124355037539,0.0013999240930047,0.0128944601453255,0.0079,0.006490989015085713
2017-05-01,0.0358822589303726,-0.0575559752584718,0.0006763683236443,0.0091750858552332,-0.0031171554804604,-0.0001730735243861,0.0031003802470364,-0.0032633361883648,0.009300000000000001,0.006180457983115284
2017-06-01,0.0236243227481742,-0.0125187651309325,0.0050796268454651,0.0079750858552332,0.0308740348225582,0.0085578505703414,-0.0023000324151783,0.0108829140405848,0.008100000000000001,0.010424007971408633
2017-07-01,-0.0282184378431822,0.0476712526572511,0.0282973591597346,0.0078750858552332,-0.0714124339074657,0.0092107954397777,0.0024005281161854,0.0067939582358269,0.008,0.005586062384002943
2017-08-01,0.0088224249157926,0.06918297959789,0.0123796273899243,0.0078750858552332,0.0421472658209631,0.0239362919340953,0.001899307784891,0.0219952084785106,0.008,0.0060891270886263005
2017-09-01,0.0257030750732794,0.0608142084066674,0.0098997874612518,0.0062750858552332,0.0304911495109305,0.0256719909561262,0.0015989878571709,0.024034572109999,0.0064,0.004793347638160306
2017-10-01,0.0556472002004968,0.0024838567327152,0.0046728545284613,0.0062750858552332,0.0071429296729743,0.019730973994487,0.004200928647988,0.015465077658719,0.0064,0.002189871856594028
2017-11-01,0.0144025261343789,-0.0670886353298328,0.0008609101342786,0.0055750858552332,-0.0035884623084179,-0.0086532739946006,0.0028005121638925,-0.011421799270702,0.005699999999999999,0.0028913904619483066
2017-12-01,0.0310519912208315,0.0490318751425655,0.0086705301065688,0.0052750858552332,-0.0004853408429004,0.0228296716880067,0.004400480498149,0.0183484491969951,0.0054,0.0009951404059018731
2018-01-01,0.0091141587947223,0.0983898272044145,0.0131691593535783,0.0056750858552332,0.0061765996808762,0.0282724610975364,0.0029004609007294,0.0252986225313125,0.0058,0.0028911534218125645
2018-02-01,-0.0170630041524304,-0.0065080292760943,0.0052250504910971,0.0044750858552332,0.0256189684252263,-0.0028257841904861,0.0032003439659926,-0.0060069039975161,0.0046,0.0013951909430911513
2018-03-01,0.0016892783268638,0.0101166839743112,0.016035418759172,0.0051750858552332,0.0192282935594136,0.0101644567673225,0.0008996259981803,0.0092565033780509,0.0053,0.0043964188691061334
2018-04-01,0.0569975126546709,-0.014598849508853,0.0040484526859632,0.0050750858552332,0.0547645382330685,0.018790846173431,0.0021995778587948,0.0165548546229519,0.0052,0.0029938369637070306
2018-05-01,0.0734826403225674,-0.1056832682775432,-0.015739852243394,0.0050750858552332,0.0473177468695058,-0.002768160819859,0.004000532060687,-0.006741722403925,0.0052,0.001194688549468248
2018-06-01,0.0251346068597546,-0.0436880990262041,0.0043301840782385,0.0050750858552332,0.0146924595338184,0.0015232131534335,0.0126001417189749,-0.0109390944255028,0.0052,-0.0073080591381435855
2018-07-01,0.0028695174667683,0.0722922850392504,0.0145983943732979,0.0052750858552332,-0.0600693046785707,0.0184189590560328,0.0033006506147337,0.0150685723487131,0.0054,0.0020924429621171914
2018-08-01,0.1086615304314635,-0.037439733015061,-0.0027229716625069,0.0055750858552332,0.068824480428058,0.0277413021755886,-0.0008990122720112,0.0286660856103539,0.005699999999999999,0.006604950203300097
2018-09-01,-0.02761871807581,0.0013098534313618,0.0086880429444626,0.0045750858552332,-0.0354756088681501,-0.0060934537093314,0.0047997057287958,-0.0108411252272674,0.004699999999999999,-9.922945660456595e-05
2018-10-01,-0.1413761968991994,0.1139610800567949,0.0308183645609592,0.0052750858552332,-0.0587889465252517,-0.009968990267518,0.004499264883887,-0.014403450213652,0.0054,0.0008967006224909202
2018-11-01,0.0539487535315099,0.0723371686537022,0.001261462825415,0.0047750858552332,0.0438282626748827,0.0335868123468652,-0.0021004410534337,0.0357623701507316,0.0049,0.007015176017137081
2018-12-01,-0.0677436224349505,0.006068600870251,0.0134642598038432,0.0047750858552332,0.0263251636683854,-0.0121686501587167,0.0015001070102511,-0.0136482832835364,0.0049,0.0033948004258315123
2019-01-01,0.0153950897583821,0.1244175034180301,0.0152295414579468,0.0052750858552332,-0.0263413801030707,0.0345405294819075,0.0031996173006758,0.0312409530872439,0.0054,0.002193364771454709
2019-02-01,0.050129357458357,-0.0207106781014125,0.0052960580725935,0.0047750858552332,0.0454296463850913,0.0155253314582782,0.0042994529923214,0.0111778199545056,0.0049,0.0005979760378131971
2019-03-01,0.0550943923884768,-0.0182810254697458,0.0076781679010538,0.0045750858552332,0.0268463286619697,0.0175144505088755,0.0074996156787503,0.0099402865016262,0.004699999999999999,-0.0027787759272387413
2019-04-01,0.0461718125757022,0.0305191202568868,0.010889447226996,0.0050750858552332,0.0003268360078945,0.0245812428080428,0.00569969502479,0.0187745386387805,0.0052,-0.0004968630568965571
2019-05-01,-0.0604985203327734,0.030989748939149,0.0136876284047238,0.0052750858552332,-0.0031932815838134,-0.0063724647365417,0.0013001778382095,-0.0076626797283871,0.0054,0.0040944985854711735
2019-06-01,0.0349143445755861,0.0307070186263795,0.0169931845676878,0.0045750858552332,0.0287915878786939,0.0250813146117232,9.973627427473096e-05,0.0249790870163746,0.004699999999999999,0.004599804958316245
2019-07-01,-0.0153516252345484,0.0272333145301337,0.0095740805263213,0.0055750858552332,0.0209989461242166,0.0059995091451632,0.0019005536729015,0.0040911799651524,0.005699999999999999,0.003792238973389095
2019-08-01,0.0729942579026834,0.0218610787002631,0.0003313032088043,0.0048750858552332,0.1664563852657634,0.0349695879504292,0.0011006512026767,0.0338316998466277,0.005,0.003895061692986257
2019-09-01,0.0278493633475083,0.0184994573862895,0.0172278163316781,0.0044750858552332,0.0131646842810329,0.0198278155209949,-0.000399622939504,0.0202355250404981,0.0046,0.005001621702270809
2019-10-01,-0.0120774335111336,0.0147769782568678,0.0163538621805248,0.0046750858552332,-0.0491536034065261,0.0036497845926787,0.0010004131725529,0.0026467236029694,0.0048,0.0037957894696611927
2019-11-01,0.0799525107992351,0.02309161179428,-0.0029879195216208,0.0036750858552332,0.0375178934028253,0.0294685567528811,0.0051002566371174,0.0242446461980774,0.0038,-0.0012936586460218225
2019-12-01,-0.0120815066975566,0.0994371383117072,0.0121853011426971,0.0035750858552332,-0.0410530108352167,0.0192631998611541,0.0115005247387713,0.0076744153191492,0.0037,-0.007711834594238964
2020-01-01,0.0467025518386277,-0.0162455636660253,0.005398414531387,0.0036750858552332,0.1175084339236822,0.0189801946198838,0.0020995253982425,0.0168453020820789,0.0038,0.001696911892141273
2020-02-01,-0.0319631844108354,-0.0621741247213308,0.0062535359348996,0.0027750858552332,0.0775172435766538,-0.0155077494219626,0.0025002719725701,-0.0179631087372169,0.0029,0.0003987310912576536
2020-03-01,-0.0010730559871462,-0.255741957055238,-0.0177148376537705,0.0032750858552332,0.1515293983649328,-0.0508160190576914,0.0006997520931755,-0.0514797480893852,0.0034000000000000002,0.002698359723959598
2020-04-01,0.1544871693159015,0.0371861030786204,0.0047151907550715,0.0026750858552332,0.1031174307070772,0.0609590735406387,-0.0030999403569978,0.0642582105176887,0.0028000000000000004,0.0059182866927609545
2020-05-01,0.0436250956699757,0.0496017687809864,0.0210374392408789,0.0022750858552332,0.019002551214835,0.032486740007045,-0.003799764062034,0.0364249101335674,0.0024,0.006223411557613856
2020-06-01,0.0404903996666343,0.0890759782587258,0.0110023825387397,0.0019750858552332,0.0180957630701203,0.035366811013499,0.0025999454030292,0.0326818944691824,0.0021,-0.0004986489430021113
2020-07-01,-0.0012392067479072,0.0648582545747997,0.0097307501041683,0.0017750858552332,0.0128119984694576,0.0172215431484896,0.0035996890409466,0.0135729955442296,0.0019,-0.0016935926341018481
2020-08-01,0.1162872303243964,-0.0486925258334044,0.0040972186571974,0.0014750858552332,0.1204935168782874,0.032884981530193,0.0024005403554596,0.0304114372922457,0.0016,-0.000798623228171591
2020-09-01,-0.0026062874705664,-0.0466772718593344,-0.0014019317013124,0.0014750858552332,0.0058820773593895,-0.0103102551328306,0.0064004210950712,-0.0166044010690287,0.0016,-0.004769891779106916
2020-10-01,-0.0025857706097726,0.0060784278563388,0.0018429637936818,0.0014750858552332,0.0110580317365021,0.0018037957853954,0.0086001761951128,-0.0067384287353153,0.0016,-0.0069404867858744446
2020-11-01,0.0376030510836526,0.1435943354434452,0.0130318278678565,0.0013750858552332,-0.0932618547014574,0.0406181751186162,0.0089001346053416,0.0314382359812868,0.0015,-0.007334853422570231
2020-12-01,0.0194912415009151,0.0889881736071147,0.0181298675629824,0.0014750858552332,-0.0299755466950185,0.0294719311549012,0.013500360884495,0.0157588205064551,0.0016,-0.011741841782976103
2021-01-01,0.0485826779966216,-0.051207321150463,0.000892511517788,0.0013750858552332,0.0583630381296351,0.0076772499752525,0.0024997347403781,0.0051646050921052,0.0015,-0.0009972419001557098
2021-02-01,0.033062381860893,-0.0524688376905336,-0.0061330597936952,0.0011750858552332,-0.0224713989288198,-0.0040930925509962,0.0085998898553949,-0.0125847549003906,0.0013,-0.00723764688933437
2021-03-01,0.0584898533885658,0.0752371640461344,0.003264184140115,0.0018750858552332,-0.0215376141382567,0.0329169360676915,0.0093002491805145,0.0233990697082975,0.002,-0.007232980658076538
2021-04-01,-0.0110679695876204,0.019858176828891,0.0085768694446664,0.0019750858552332,-0.028843291390125,0.002738581990614,0.0030997124087179,-0.000360014476763,0.0021,-0.0009966231635312184
2021-05-01,-0.0166389229409645,0.0559723395554763,0.0067341205320028,0.0025750858552332,0.0173172784508144,0.0098910574569094,0.0083006723105383,0.0015772925577115,0.0027,-0.0055545656809931065
2021-06-01,-0.0328296168561794,-0.0220755180530133,-0.0014692062735013,0.0029750858552332,-0.0521890157827598,-0.0173123676732333,0.0053000578441551,-0.022493210202216,0.0031,-0.0021884588854724774
2021-07-01,0.0299576253599367,-0.017573267734669,0.0001188564239724,0.0034750858552332,0.0083334453782135,0.0061106031923085,0.0095996866540266,-0.0034559078294501,0.0036,-0.005942639180000708
2021-08-01,0.0287924327617674,-0.0054403901140707,0.0013458712350462,0.0041750858552332,-0.0090114545386142,0.0078461818655655,0.0086998765743635,-0.0008463317272301,0.0043,-0.004361928336212295
2021-09-01,0.0141260300365386,-0.0452577974145252,0.0098496956300384,0.0042750858552332,0.0511781959550534,0.0018987918705862,0.011599629002476,-0.0095896013143615,0.0044,-0.007117073589257394
2021-10-01,0.0888031270202178,-0.042745270400628,-0.0125225761509478,0.0047750858552332,0.0381299052248687,0.0152281031195657,0.0124995583937983,0.002694860163787,0.0049,-0.007505739958893587
2021-11-01,-0.0296521878458744,0.008533842197397,0.02484114955782,0.0057750858552332,0.0206521381535298,0.0040689331092832,0.0095006903702077,-0.0053806374901362,0.0059,-0.0035668032766646984
2021-12-01,0.0334517145397712,0.0156286744189058,0.0077003730940732,0.0075750858552332,-0.0249252858304125,0.0153738884845828,0.0072995824342585,0.0080157941005116,0.0077,0.00039751586590930366
2022-01-01,-0.0865124738997556,0.0743129653727048,0.0009600931080135,0.0071750858552332,-0.0265121749759134,-0.0116739663082143,0.0054002915013626,-0.0169825471047755,0.0073,0.0018895046228806223
2022-02-01,-0.0655279195496914,-0.0236054584344727,0.0104590398197712,0.0074750858552332,-0.0200396560149473,-0.0208240801318791,0.0101006161132048,-0.0306154612241303,0.0076,-0.0024756109176796715
2022-03-01,-0.0587890202394643,0.099552335458793,0.0259094478145589,0.0091750858552332,-0.0329291804990778,0.0114498354135506,0.0162005007047194,-0.0046749290990059,0.009300000000000001,-0.006790491344900951
2022-04-01,-0.0441859863459784,-0.0522703647310676,0.0153937344905992,0.0081750858552332,0.031934859540101,-0.0155468777840006,0.0106001808126434,-0.0258728022150349,0.0083,-0.0022760542263052796
2022-05-01,-0.0379678352089797,0.0422195482745602,0.0076524460561644,0.0101750858552332,-0.0828183342205123,-0.00351762490358,0.0047000726944577,-0.0081792545072671,0.0103,0.005573730367635088
2022-06-01,0.0142397798436426,-0.0842616214545447,0.0031761049188128,0.0100750858552332,0.1000082917901163,-0.0058057794880235,0.006700577587605,-0.0124231150294936,0.0102,0.003476130331404814
2022-07-01,0.0577680625169552,0.0194215518133051,-5.723383573341678e-05,0.0101750858552332,-0.0660220013856561,0.018399489806933,-0.0068000340776196,0.0253720547212765,0.0103,0.017217111019268705
2022-08-01,-0.0382408739215714,0.0422385934751567,-0.0001612229788658,0.0115750858552332,0.016145924774666,-0.0017029821414914,-0.003599529004437,0.0019033981999734,0.011699999999999999,0.01535479904897108
2022-09-01,-0.0563815958529,-0.0184186034630065,0.0040599205374625,0.0105750858552332,-0.0062057888113644,-0.0187557663812928,-0.0029003564010536,-0.0159015300848072,0.010700000000000001,0.013639917021697201
2022-10-01,0.0296320523790476,0.0398809804974886,0.0189832495592801,0.0100750858552332,-0.0379798901197754,0.0230638714236969,0.005900783945598,0.0170624059072481,0.0102,0.004273996126674229
2022-11-01,0.0853205490383894,0.0074281888383986,-0.0034970617516677,0.0100750858552332,0.043501691907519,0.028361816666667,0.0040996078296735,0.0241631494005214,0.0102,0.006075485064188202
2022-12-01,-0.0517800284386036,-0.0165549288024328,0.0092373546019948,0.0110750858552332,0.0268015029315749,-0.0132562230119293,0.0061996829442665,-0.0193360287088,0.011200000000000002,0.004969507683705521
2023-01-01,0.0459951790880923,0.0584749943767153,0.0137974547701025,0.0110750858552332,0.0311867750070289,0.0331256275529248,0.0052995865055938,0.027679351927373,0.011200000000000002,0.005869308585827682
2023-02-01,-0.008509431900235,-0.075949209673146,0.0139065818457948,0.0090750858552332,-0.0023313622156342,-0.0118428525844018,0.0083999139573474,-0.0200741454472251,0.0092,0.0007934213714009264
2023-03-01,0.0045506326076638,-0.0205659958719635,0.0150083184668179,0.0115750858552332,0.0055619804349582,0.0041121713091432,0.0071003356660832,-0.0029670969724816,0.011699999999999999,0.004567235429302707
2023-04-01,-0.0013654627647384,0.0384357768257874,0.0088558313150928,0.0090750858552332,0.0286014125181355,0.0127036739804415,0.0061001532602988,0.0065634824711473,0.0092,0.003081051851205885
2023-05-01,0.0076853336548909,0.0079396431899381,0.0055555311688977,0.0110750858552332,0.0144896971679036,0.0073939803531708,0.0022992515778219,0.0050830415839668,0.011200000000000002,0.008880330308704165
2023-06-01,-0.0010749048903025,0.0874205437669415,0.0103455147701339,0.0105750858552332,-0.0780412903575961,0.0179265329692329,-0.0007996663305968,0.0187411859952655,0.010700000000000001,0.011508869586108084
2023-07-01,0.019432480487032,0.0280037815794942,0.0095772633552766,0.0105750858552332,-0.0125478270557815,0.0151627687440917,0.0011997087065218,0.0139463285058372,0.010700000000000001,0.009488907368692567
2023-08-01,0.0092853218681108,-0.0287499808398792,0.0059495320353557,0.0112750858552332,0.0205521174259406,0.0010067733706583,0.0023005605929267,-0.0012908176181233,0.011399999999999999,0.009078553644318532
2023-09-01,-0.0240810335023634,0.0128188170321787,0.001164684414378,0.0095750858552332,0.0153497964049356,-0.0029484287655136,0.0026005195053926,-0.0055345555512416,0.0097,0.007081066044240414
2023-10-01,-0.0208496455561602,-0.0319084659417272,-0.0032790700765913,0.0098750858552332,0.0094922839705713,-0.0129798463945398,0.002399763605376,-0.0153427909286405,0.01,0.007582041287886865
2023-11-01,0.0650085772396209,0.1065390162164847,0.017870315374467,0.0090750858552332,0.0100351626026571,0.0489140149878645,0.0028004657021114,0.0459847705131117,0.0092,0.0063816626704575885
2023-12-01,0.0273019664932299,0.0686219543828592,0.0144541980479149,0.0087750858552332,0.0012029666581443,0.0281955626693756,0.0056001365886972,0.0224695932891665,0.0089,0.0032814866379162755
2024-01-01,0.0287252246817495,-0.0355156342832008,0.0066188538981257,0.0095750858552332,0.0267448937372798,0.0059779810867606,0.0042003345503722,0.0017702110577211,0.0097,0.00547666163852667
2024-02-01,0.047877928584211,0.0086462040799932,0.0057664069562066,0.0078750858552332,0.000102312036819,0.0187980520683472,0.0082993713354857,0.0104122654752387,0.008,-0.000296907192443463
2024-03-01,0.0328886983350891,-0.0124557933536925,0.0075348132197163,0.0081750858552332,0.0690205374353294,0.0142491572822029,0.0015995520670966,0.0126294038261101,0.0083,0.006689747333727292
2024-04-01,0.0013201967917599,-0.0060353723034066,-0.0021952341556537,0.0087750858552332,0.1176619289327052,0.0046327416539821,0.003799602279179,0.0008299857590214,0.0089,0.005081091593621023
2024-05-01,0.0536480279631699,-0.0103071339090711,0.0103249317008962,0.0081750858552332,0.0217198907084332,0.0196577031156785,0.0046002749722997,0.0149884770276356,0.0083,0.0036827832122603432
2024-06-01,0.0826760698902988,0.0195193747997537,0.0037587128425704,0.0077750858552332,0.0487905562802295,0.0330384631708417,0.0021004885259912,0.0308731259979304,0.0079,0.0057873552008136375
2024-07-01,0.0358784689497395,0.0185307408240331,0.008973197475943,0.0089750858552332,0.0496222181708949,0.0209888330414121,0.0038003258656977,0.017123432552077,0.0091,0.005279609896252868
2024-08-01,0.0241555135562003,0.066446455899978,0.0057329945128157,0.0085750858552332,0.0284778407687034,0.0246817893831788,-0.0001994865016525,0.0248862403538587,0.0087,0.008901262183305558
2024-09-01,-0.014476912036366,-0.0076103822894622,0.003860564004098,0.0082750858552332,0.0021169472885749,-0.0038013228099726,0.0043996267853296,-0.008165026525896,0.0084,0.003982850160422435
2024-10-01,0.0353346854840459,-0.0176473610272321,0.007226512090555,0.0091750858552332,0.1091554559110794,0.0158780653643049,0.0055994226220676,0.010221408754826,0.009300000000000001,0.003679971661363135
2024-11-01,0.0850418031571942,-0.0011020064390554,0.0033936163400887,0.0077750858552332,0.0320404213926328,0.0286403615577759,0.003899760244332,0.0246444936966838,0.0079,0.00398470037954235
2024-12-01,-0.0012088958621165,-0.049299671288029,-0.0029628867871615,0.0091750858552332,0.0212997949607645,-0.0098840136903054,0.0051997729257888,-0.0150057600711455,0.009300000000000001,0.004079017111471073
2025-01-01,-0.0276461624546224,0.0346132524396121,0.0186687622255858,0.0099750858552332,-0.0369271908608134,0.004748701391491,0.0015998873318778,0.0031437843588433,0.0101,0.00848653516801523
2025-02-01,-0.0030911717218335,-0.0281905160002902,0.0063404829715727,0.0097750858552332,0.0712187255551648,2.04290425408816e-05,0.0131006515876297,-0.0129110789975218,0.009899999999999999,-0.0031592631814163497
2025-03-01,-0.0552285912765044,0.054812243177299,0.0052921939150152,0.0094750858552332,0.011141566581067,-0.0024584185596704,0.0056002542668107,-0.0080137935449875,0.0096,0.003977470884894974
2025-04-01,-0.0045153943312156,0.0383697532347988,0.0174618839390161,0.0104750858552332,0.0630118766524836,0.0169784340485873,0.0043006716003852,0.0126234730362171,0.0106,0.006272353068903724
2025-05-01,0.0654140503026472,0.0126487569332212,0.0059937528214262,0.0112750858552332,0.0365065777730839,0.0269405507874247,0.0026001368782415,0.0242772896331044,0.011399999999999999,0.008777041612180847
2025-06-01,-0.0020430518937671,0.0171928396758564,0.0042918218260217,0.0108750858552332,-0.0318405134761299,0.0034941097164049,0.0024001228161076,0.0010913674842973,0.011000000000000001,0.008579285844191764
2025-07-01,0.0400313900913975,-0.0301346391112358,0.0027242711399693,0.0126750858552332,0.0221198925392578,0.0088119465808843,0.0025994910412594,0.0061963481880218,0.0128,0.010174061576818216
2025-08-01,-0.0071938525688843,0.0531812661387078,0.0116828174326355,0.0114750858552332,-0.0237200817806816,0.012538974633858,-0.0011006576668238,0.0136546614084489,0.0116,0.012714652146189609
2025-09-01,0.0149000024613297,0.0278180765250772,0.0063944172828549,0.0120750858552332,0.0669621144087238,0.0165432429697542,0.0047993489816233,0.0116878001563531,0.012199999999999999,0.007365302361986181
2025-10-01,0.0338728882351786,0.017344274853587,0.0100897425899153,0.0126750858552332,0.1195190449600951,0.0242763250180035,0.0008995714126531,0.0233557434462248,0.0128,0.011889732923504592
2025-11-01,-0.0093905425543956,0.0527029618632284,0.0105929569886689,0.0103750858552332,-0.0027745863017053,0.0123406373794709,0.0018002411182673,0.0105214551050993,0.0105,0.00868412536217944
2025-12-01,0.0422131629259621,0.0141939290396799,0.0093130935779806,0.0120750858552332,0.0871752866063624,0.0241904907399966,0.0032999319685482,0.0208218480892941,0.012199999999999999,0.008870795011407084
2026-01-01,-0.0213503953104632,0.1051609788419836,0.0118789843497333,0.0114750858552332,0.0479737366585903,0.0223511120408422,0.0032998842406553,0.0189885677247991,0.0116,0.008272816422805196
2026-02-01,-0.0018678926384565,0.0433482835550038,0.0120102289042696,0.0098750858552332,0.0394229189576884,0.0153782807218177,0.0069994560915058,0.008320585060525,0.01,0.0029796877151653245
2026-03-01,-0.0611259192322444,-0.0027335774012137,0.0137749933852917,0.0119750858552332,-0.0200108804916592,-0.0137762836276206,0.0087998064096066,-0.0223791577811431,0.0121,0.0032714058522067546
2026-04-01,0.0522336356273149,-0.012204380996631,0.0130039113050666,0.0107750858552332,-0.0712696720064267,0.0154060497033352,0.0067006558850075,0.0086474502300533,0.0109,0.00417139304563241
2026-05-01,0.0657566119873434,-0.0765832178427415,0.0095097755155495,0.0105750858552332,-0.015553373393686,0.0079653358569518,0.0058003525497984,0.002152498059545,0.010700000000000001,0.004871391661158464
2026-06-01,0.0141995565351971,0.0174748739782297,0.0020181895343041,0.0110750858552332,-0.0569177809922474,0.006269982813076,0.0015994450370739,0.0046630794367394,0.011200000000000002,0.009585223924091446
