tamanho_janela_meses,indicador,n_janelas,n_nao_recuperado,mediana,min,max,p10,p25,p75,p90
12,cagr_nominal,235,,0.13784681877788874,-0.11558761550293573,0.3120129510635883,0.034245652104497995,0.10107354824706782,0.17813151617390355,0.20578585624958548
12,volatilidade_nominal,235,,0.05414239259249655,0.030665572586040933,0.11867846284652668,0.040064876458745576,0.04496893635717847,0.06669166430905671,0.09697656197471466
12,drawdown_maximo_nominal,235,,-0.016526711886845694,-0.1477464069830749,0.0,-0.05762895158953387,-0.028444139852784253,-0.011049287429180415,-0.008653273994600499
12,tempo_recuperacao_nominal,235,0.0,1.0,0.0,14.0,1.0,1.0,3.0,5.0
12,ulcer_index_nominal,235,,0.5921900373784681,0.0,9.022041083890082,0.26279933448228077,0.3976870530419714,1.1812669908642257,1.9913846794589125
12,sharpe_nominal,235,,0.5914044115148368,-2.550638513135182,4.320519884045472,-1.2607135801123373,-0.18632139053027552,1.5423552556266917,2.14160613724009
12,sortino_nominal,235,,1.4470208516969394,-9.129893837806659,32.492324007771025,-2.6563574817337408,-1.1125046183893652,3.4546458999980807,7.089163587344894
12,calmar_nominal,235,,7.618082579966841,-0.7823379117177243,72.66793351323184,0.793441402400782,3.408376080294841,13.328628554966212,21.500100581199046
12,pior_mes_nominal,235,,-0.0165267118868457,-0.0731842782636079,0.0054742492085378,-0.048603092681002505,-0.0194256609052902,-0.0103102551328306,-0.0079399039963342
12,melhor_mes_nominal,235,,0.0345405294819075,0.0153738884845828,0.0705571412664368,0.02704050643660514,0.0324386834768117,0.0373008050154486,0.056250731890460114
12,var5_nominal,235,,-0.01121211418879925,-0.05783896193240662,0.00586655062510629,-0.030106171040108265,-0.0160486718068484,-0.006538533706122359,-0.004039973888569595
12,cvar5_nominal,235,,-0.0165267118868457,-0.0731842782636079,0.0054742492085378,-0.048603092681002505,-0.0194256609052902,-0.0103102551328306,-0.0079399039963342
12,skewness_nominal,235,,-0.15111164013482192,-1.5782922396893153,1.349420705163298,-0.8312334897000684,-0.49467093663888406,0.20157703957744513,0.49137324153361167
12,curtose_nominal,235,,-0.5033998674014795,-1.6645328032454432,2.5521268582379077,-1.4433777589334293,-1.2080629445218722,0.07999306343089652,0.6797367419456967
12,cagr_real,235,,0.07038898491082257,-0.16885979824936603,0.23658755826438838,-0.038077354501681655,0.03135004796280716,0.1324968619322051,0.15875317552410032
12,volatilidade_real,235,,0.05517611837198537,0.03229645731536937,0.12086788731934146,0.04062302274550909,0.04576622803604361,0.06880541898345204,0.09446046840157006
12,drawdown_maximo_real,235,,-0.024825931150893734,-0.16674282982328814,0.0,-0.07702170632264714,-0.04506339186828199,-0.021017618671098835,-0.011421799270702002
12,tempo_recuperacao_real,235,4.0,2.0,0.0,31.0,1.0,1.0,9.0,20.0
12,ulcer_index_real,235,,1.1287378924671105,0.0,11.287088620533755,0.3454854970889574,0.6702191781439331,1.9967513168899749,3.545375780913981
12,sharpe_real,235,,0.5689872829032578,-2.2690297652337317,4.1569376476959805,-1.1515193452054187,-0.167976157240879,1.4561643624547267,1.9884561679056423
12,sortino_real,235,,1.2014623533011393,-4.274923828079341,92.3033124776165,-1.88800150828677,-0.5606098376584203,3.0872062650576937,6.9644165716493305
12,calmar_real,235,,2.3871478474586505,-1.2232399486336059,25.57849295525467,-0.4615139581183367,0.8282322314326861,5.923207126240712,12.101050463198849
12,pior_mes_real,235,,-0.0210064652056396,-0.0773372360660121,0.0017782521524389,-0.0514797480893852,-0.027618726329565,-0.014403450213652,-0.011421799270702
12,melhor_mes_real,235,,0.0316275750618615,0.0080157941005116,0.0642582105176887,0.0238117979745711,0.027679351927373,0.0357623701507316,0.052986844652742955
12,var5_real,235,,-0.01608696048629289,-0.06356555952550902,0.003495233229974635,-0.03304559644569263,-0.023826598520974615,-0.011199834113550357,-0.007549602474131865
12,cvar5_real,235,,-0.0210064652056396,-0.0773372360660121,0.0017782521524389,-0.0514797480893852,-0.027618726329565,-0.014403450213652,-0.011421799270702
12,skewness_real,235,,-0.03933401208657954,-1.5394529669067125,0.9167329632523642,-0.7350246812957766,-0.4103317495858871,0.2920683705650712,0.5255252244232185
12,curtose_real,235,,-0.5072629419577805,-1.595654181834345,2.25821484393842,-1.443095757587309,-1.1622501164016699,-0.07134781813439894,0.5491696696726657
12,pct_meses_positivos,235,,0.75,0.3333333333333333,1.0,0.5,0.6666666666666666,0.8333333333333334,0.9166666666666666
12,pct_meses_negativos,235,,0.25,0.0,0.6666666666666666,0.08333333333333333,0.16666666666666666,0.3333333333333333,0.5
24,cagr_nominal,223,,0.13628266342049988,0.007137670661300888,0.22617088522762296,0.05056996438579686,0.10536319234073133,0.1609558916183247,0.17423628565471067
24,volatilidade_nominal,223,,0.05676761064823698,0.038134271730043495,0.09575207451385664,0.04620388669616007,0.05096338101663936,0.07697824825578828,0.08609660106570532
24,drawdown_maximo_nominal,223,,-0.030839595990960377,-0.14774640698307506,-0.008653273994600518,-0.07899668638996855,-0.04765069533773318,-0.017641239134069342,-0.015890005007571723
24,tempo_recuperacao_nominal,223,0.0,2.0,1.0,14.0,1.0,1.0,3.0,10.0
24,ulcer_index_nominal,223,,0.9941845665960128,0.2386970963971403,6.516787314296026,0.44570229096551367,0.5030437848974705,1.4564173784575405,2.5752340237169946
24,sharpe_nominal,223,,0.6085749489980804,-1.6665874886073007,2.3219947519847945,-0.9212558848028901,-0.14552265167725847,1.2630371124523045,1.7144954925144704
24,sortino_nominal,223,,1.4954402332426924,-3.9425934345187463,8.79225405344562,-1.2271060044049247,-0.38238142470583725,2.4769339078306185,4.5391518572329606
24,calmar_nominal,223,,4.4170674924968365,0.04831028251075201,20.155046710054084,0.711003081793748,2.6862785990449636,8.262593778547558,10.54050495151051
24,pior_mes_nominal,223,,-0.0194256609052902,-0.0731842782636079,-0.0086532739946006,-0.0731842782636079,-0.0208240801318791,-0.0165267118868457,-0.0121686501587167
24,melhor_mes_nominal,223,,0.0373008050154486,0.0282724610975364,0.0705571412664368,0.0327743230237755,0.0335868123468652,0.0491882194151924,0.0705571412664368
24,var5_nominal,223,,-0.0147281252785928,-0.04114437618618894,-0.00359988717242727,-0.0192298675326973,-0.018274433091698968,-0.010251962838269058,-0.008374689928588998
24,cvar5_nominal,223,,-0.01722330756997975,-0.05923399068978855,-0.006842668250139,-0.0449903627459396,-0.019789923256585948,-0.0139526346149352,-0.01106882021311735
24,skewness_nominal,223,,-0.18825960942993614,-1.2672392042936915,1.2431891691349266,-0.9266581416176926,-0.5100772269964562,0.20929911396880066,0.507386759885649
24,curtose_nominal,223,,-0.2900749948326138,-1.6795276146208484,3.1799184693547833,-1.2405495884662057,-0.8187334561194082,0.8207512150684488,1.3523482982742843
24,cagr_real,223,,0.07342030894940788,-0.045809554714448475,0.17436100425485224,-0.02154526452240246,0.03376073451691175,0.11008615609809969,0.12581082181498954
24,volatilidade_real,223,,0.05734845685077189,0.04039108471814896,0.09714058534303266,0.04772061094101646,0.05231609473026907,0.07716300947473494,0.08719082645965119
24,drawdown_maximo_real,223,,-0.044283635854042006,-0.17084785563116722,-0.011421799270702002,-0.12300150202307507,-0.06851812051390788,-0.025088425833448464,-0.023847000332905308
24,tempo_recuperacao_real,223,0.0,3.0,1.0,27.0,1.0,2.0,17.0,20.0
24,ulcer_index_real,223,,1.576725117244224,0.3640127430934285,9.001957776985353,0.7962968531797656,0.9901442869017958,2.5447111040068475,6.524838464791284
24,sharpe_real,223,,0.5444119596251936,-1.4537274629413495,2.1787423002719377,-0.8435954707675561,-0.13435267030565323,1.138179911358971,1.5839679625304617
24,sortino_real,223,,1.151904312785462,-2.708476489157876,9.6509415530501,-1.1173103467487873,-0.2902456942573794,2.5208843416632956,4.270547718055615
24,calmar_real,223,,1.7560848154929471,-0.39716226533752075,11.018290450350614,-0.1453194528024799,0.5026580534547347,3.690399658826344,4.592536747500977
24,pior_mes_real,223,,-0.0247576070484277,-0.0773372360660121,-0.011421799270702,-0.0773372360660121,-0.0306154612241303,-0.0210064652056396,-0.0150057600711455
24,melhor_mes_real,223,,0.0351929479985795,0.0248862403538587,0.0642582105176887,0.0296010839191993,0.0321303709427027,0.0459847705131117,0.0642582105176887
24,var5_real,223,,-0.018655461661539415,-0.047882934715694506,-0.008007891382115745,-0.027233852104935705,-0.02500300369986343,-0.014691557910101944,-0.012400178464392418
24,cvar5_real,223,,-0.02297347383113,-0.0648175301201002,-0.011180446848102401,-0.04917185063582585,-0.0282655834794895,-0.01829535036874795,-0.0140258667485942
24,skewness_real,223,,-0.1034593256008927,-1.2704843827123402,0.7621056710567072,-0.8676111549722932,-0.35995485891346185,0.2756686569941358,0.4260615972522364
24,curtose_real,223,,-0.3918059246200496,-1.642266163175873,2.083031011798572,-1.1558417553374856,-0.7674090661385795,0.5431231179919735,1.0086656520192312
24,pct_meses_positivos,223,,0.75,0.5,0.875,0.5833333333333334,0.6458333333333333,0.7916666666666666,0.8333333333333334
24,pct_meses_negativos,223,,0.25,0.125,0.5,0.16666666666666666,0.20833333333333334,0.35416666666666663,0.4166666666666667
36,cagr_nominal,211,,0.13509884604839728,0.04229281242383798,0.18584536835173338,0.07260210988517724,0.09995040632981156,0.15282661292004285,0.16934873880753054
36,volatilidade_nominal,211,,0.05955141879999433,0.04437003617031014,0.08642345193434418,0.047438430216405744,0.05419993990073721,0.0728370161076244,0.08121303504132799
36,drawdown_maximo_nominal,211,,-0.03442502053375376,-0.14774640698307506,-0.015890005007571588,-0.14774640698307473,-0.06553572638948568,-0.023539707313420255,-0.018755766381292865
36,tempo_recuperacao_nominal,211,0.0,2.0,1.0,10.0,1.0,1.0,2.0,10.0
36,ulcer_index_nominal,211,,1.09484754836852,0.3669343120421464,5.380318942288545,0.48233759586811026,0.6152173569987457,1.83020680822409,5.323404874431473
36,sharpe_nominal,211,,0.4912810439127546,-0.8896591901881651,2.2949007254929263,-0.487473037466641,-0.12544387236356408,0.9941310666153873,1.7050989558170406
36,sortino_nominal,211,,1.224965635872532,-1.5866798089020364,7.720135159076624,-0.7112505695574628,-0.27619525544631585,2.2303889213614263,2.6903739820428885
36,calmar_nominal,211,,3.9563262741393723,0.2862527305227998,11.26286220653446,0.5364487392937602,1.8779825002514654,5.5873814706612634,8.185629128651962
36,pior_mes_nominal,211,,-0.0200455075958645,-0.0731842782636079,-0.0121686501587167,-0.0731842782636079,-0.0508160190576914,-0.0194256609052902,-0.0167964472282713
36,melhor_mes_nominal,211,,0.0489140149878645,0.0327743230237755,0.0705571412664368,0.0349695879504292,0.0355960029533635,0.0609590735406387,0.0705571412664368
36,var5_nominal,211,,-0.015958903984780275,-0.024587068467067926,-0.0053219955300558,-0.024587068467067926,-0.019141356722407302,-0.012813529839695425,-0.010518905240317674
36,cvar5_nominal,211,,-0.01964875141556715,-0.05923399068978855,-0.01106882021311735,-0.05923399068978855,-0.03406419336546235,-0.01797618639606795,-0.014014572212665551
36,skewness_nominal,211,,-0.14026181589445846,-1.4043994899283445,1.003343777798804,-1.0321633147316225,-0.5779312107805148,0.19553685421724692,0.5847242686784742
36,curtose_nominal,211,,0.27029032523952123,-1.45175631807363,3.26632154186082,-1.030455198463309,-0.5248903128669016,1.1957757627437497,2.1461750829117765
36,cagr_real,211,,0.06971894266524781,-0.009536127562079444,0.14651821570167445,0.011495782920278197,0.03202236492914334,0.09377823529470863,0.12284132110929646
36,volatilidade_real,211,,0.06153116488539993,0.04581254681683929,0.08763641227786201,0.04972689546822398,0.05539811364763406,0.07573110524510157,0.08254073951119145
36,drawdown_maximo_real,211,,-0.061570012495274606,-0.17084785563116747,-0.023847000332905297,-0.16885979824936598,-0.11636495683087814,-0.03447485377288309,-0.02508842583344836
36,tempo_recuperacao_real,211,0.0,6.0,1.0,24.0,2.0,2.0,17.0,20.0
36,ulcer_index_real,211,,1.752161167038587,0.6524445892180927,7.551981238421016,0.9515079131711554,1.2031225875391556,4.725872465347399,7.157261533283169
36,sharpe_real,211,,0.4466923241874743,-0.839536210435779,2.107132343275479,-0.4544943483430297,-0.11448889300857137,0.9237585521933808,1.5699170955551465
36,sortino_real,211,,0.9240316716287017,-1.0717904513973016,8.125072561123776,-0.6087923307616525,-0.22018323726622044,2.0255248337858758,2.8441073918578303
36,calmar_real,211,,1.2870681492267586,-0.05581648962961765,5.5461434035950266,0.08274483886540146,0.31379622233815285,2.227562550073367,3.4135836309979886
36,pior_mes_real,211,,-0.028912440629414,-0.0773372360660121,-0.014403450213652,-0.0773372360660121,-0.0514797480893852,-0.022942263993821,-0.0210064652056396
36,melhor_mes_real,211,,0.0437598379822949,0.0314382359812868,0.0642582105176887,0.0321303709427027,0.0351929479985795,0.0576548940791639,0.0642582105176887
36,var5_real,211,,-0.02152380963917755,-0.03022337688171935,-0.0119784202739106,-0.03022337688171935,-0.025694355206418527,-0.01694407798607575,-0.014434113224537224
36,cvar5_real,211,,-0.0282441317195826,-0.0648175301201002,-0.0140258667485942,-0.0648175301201002,-0.036986479145800596,-0.0219743645997303,-0.0188609743548918
36,skewness_real,211,,-0.020249684347013682,-1.4826720122604873,0.6905129590222392,-0.9620063825824937,-0.30208650901296025,0.17985279317843722,0.38223159001571083
36,curtose_real,211,,-0.13597607198506223,-1.4019823645066842,3.1142375624327645,-0.9779765172513546,-0.6331747083033317,0.7327123536174693,1.6161773761972427
36,pct_meses_positivos,211,,0.7222222222222222,0.5277777777777778,0.8611111111111112,0.6388888888888888,0.6666666666666666,0.75,0.8055555555555556
36,pct_meses_negativos,211,,0.2777777777777778,0.1388888888888889,0.4722222222222222,0.19444444444444445,0.25,0.3333333333333333,0.3611111111111111
48,cagr_nominal,199,,0.12954760980603974,0.062472443194672156,0.18586501693819568,0.09186540081211789,0.10971829649952614,0.1435018416720243,0.16226918215641126
48,volatilidade_nominal,199,,0.06459169813069475,0.044371095493911786,0.07882275515704473,0.05252345195891722,0.05559003214992704,0.07019804169352878,0.07629733820978853
48,drawdown_maximo_nominal,199,,-0.04765069533773302,-0.14774640698307506,-0.01942566090529014,-0.14774640698307473,-0.06553572638948574,-0.03083959599096054,-0.02704901748742138
48,tempo_recuperacao_nominal,199,0.0,2.0,1.0,10.0,1.0,2.0,3.0,10.0
48,ulcer_index_nominal,199,,1.043738007212126,0.49704061775289643,4.663987660288969,0.6928486561214595,0.846925868406597,1.6724209343431515,4.637265714188283
48,sharpe_nominal,199,,0.43863046268654776,-0.6065934584949899,1.9149262032679106,-0.306977188785349,0.10698206590238823,0.8879938379869465,1.565656912256959
48,sortino_nominal,199,,1.1108309351663839,-0.8092236595674354,4.990800333240971,-0.46806971159954636,0.2945555837969406,2.0773763593740373,2.5953163857641717
48,calmar_nominal,199,,2.7817702289602297,0.4228356172602476,7.628466140932384,0.6303908980328276,1.9510976463403338,4.532320525871011,5.215193480274915
48,pior_mes_nominal,199,,-0.0208240801318791,-0.0731842782636079,-0.0187557663812928,-0.0731842782636079,-0.0508160190576914,-0.0200455075958645,-0.0194256609052902
48,melhor_mes_nominal,199,,0.0491882194151924,0.0327743230237755,0.0705571412664368,0.0352961098873522,0.0373008050154486,0.0609590735406387,0.0705571412664368
48,var5_nominal,199,,-0.016694446212001855,-0.018817546176207255,-0.00950848957199691,-0.018490308031898512,-0.018250576833471976,-0.014339064679826534,-0.011518211899656565
48,cvar5_nominal,199,,-0.019467326683084703,-0.0459645474282891,-0.013796545220501501,-0.0453853905434482,-0.030131955190287763,-0.018375574765724167,-0.01697483443895936
48,skewness_nominal,199,,-0.16629264616510075,-1.3859735121494317,0.7263151012811812,-1.0190897879049474,-0.5306999931340863,0.2416377003885506,0.4975373887103819
48,curtose_nominal,199,,0.7029446395021521,-1.2604269173023905,3.511651257704905,-0.7418661187329602,-0.45012672397449927,1.5790158435241683,2.0440590832923538
48,cagr_real,199,,0.06372427838739925,0.006573928726395506,0.1454348162238257,0.033604204910378056,0.04204115330517044,0.08010301020306032,0.11250796934293995
48,volatilidade_real,199,,0.06557050747427844,0.045839165782967844,0.08015788459280705,0.05345285596949024,0.05808776708497973,0.07343858375748646,0.07724788807181636
48,drawdown_maximo_real,199,,-0.06851812051390781,-0.17084785563116747,-0.02482593115089373,-0.1708478556311668,-0.12300150202307503,-0.05650902297468016,-0.04401018527459273
48,tempo_recuperacao_real,199,0.0,7.0,2.0,24.0,2.0,3.0,17.0,20.0
48,ulcer_index_real,199,,2.0538998050079655,0.7855725875283106,6.561623353982645,1.1831315619875915,1.2953067092626251,5.868119710016476,6.464034627950299
48,sharpe_real,199,,0.40150801914830603,-0.5679869928842076,1.7727146213987794,-0.2894483383100136,0.09864865331737495,0.8222297395201703,1.4650761248932334
48,sortino_real,199,,0.8989754095486503,-0.7634988273700513,5.0928926234766765,-0.3913571574080596,0.2262967283994981,1.798314799655993,2.6044754736385833
48,calmar_real,199,,0.956779576776199,0.03847826302594957,3.879996529081304,0.2369533332965453,0.3554715286084063,1.6616549522142021,2.1261241312136
48,pior_mes_real,199,,-0.0306154612241303,-0.0773372360660121,-0.0223791577811431,-0.0773372360660121,-0.0514797480893852,-0.028912440629414,-0.022942263993821
48,melhor_mes_real,199,,0.0459847705131117,0.0321303709427027,0.0642582105176887,0.0351929479985795,0.0351929479985795,0.0576548940791639,0.0642582105176887
48,var5_real,199,,-0.022214660881723164,-0.02494954627444,-0.01309823043434412,-0.02494954627444,-0.024689945010548286,-0.01818091841271198,-0.016054740457954186
48,cvar5_real,199,,-0.027194688374782904,-0.050859108078007136,-0.0169078953362552,-0.0508334293414767,-0.03598933717618347,-0.025447333396472965,-0.0208078455825926
48,skewness_real,199,,0.030059011288065065,-1.3692740674245312,0.6023224332315839,-0.9920958789451603,-0.28121969847960215,0.1517892049486848,0.2525779043934335
48,curtose_real,199,,0.2091321075075765,-1.2674583199387632,3.2845110214412,-0.7556397459211273,-0.4932698481722131,0.8769570776288891,1.8509031479966942
48,pct_meses_positivos,199,,0.7083333333333334,0.5833333333333334,0.8333333333333334,0.6458333333333334,0.6875,0.75,0.7708333333333334
48,pct_meses_negativos,199,,0.2916666666666667,0.16666666666666666,0.4166666666666667,0.22916666666666666,0.25,0.3125,0.3541666666666667
60,cagr_nominal,187,,0.1297628176637402,0.0886591058738706,0.182014649415968,0.09829511280656131,0.11873323061046581,0.13989293693999194,0.15884996199331236
60,volatilidade_nominal,187,,0.06329298002832322,0.0495179810924416,0.07378587867229831,0.05275339602667352,0.05992924684985446,0.06779424518939195,0.07238701015772935
60,drawdown_maximo_nominal,187,,-0.047650695337733466,-0.14774640698307506,-0.028444139852784125,-0.14774640698307473,-0.06553572638948575,-0.030839595990960606,-0.030839595990960488
60,tempo_recuperacao_nominal,187,0.0,2.0,1.0,10.0,2.0,2.0,3.0,10.0
60,ulcer_index_nominal,187,,1.011134761628432,0.6420370373699227,4.181015946819796,0.7717198653750699,0.9057824633376261,1.686827236030711,4.17348794542728
60,sharpe_nominal,187,,0.5389891581133374,-0.298446693808781,1.717633466248797,-0.1684125235801833,0.26206445949879065,0.800080348239866,1.2509926359715904
60,sortino_nominal,187,,1.222672874808007,-0.4245998030271627,3.276834634669866,-0.25902349367112254,0.6451843726843097,1.892766300648129,2.3870184860670705
60,calmar_nominal,187,,2.516169500385394,0.600076223065289,5.5797040462101215,0.6652961301307424,1.8909948869375617,4.245253278030911,4.62568383748612
60,pior_mes_nominal,187,,-0.0508160190576914,-0.0731842782636079,-0.0194256609052902,-0.0731842782636079,-0.0508160190576914,-0.0200455075958645,-0.0194256609052902
60,melhor_mes_nominal,187,,0.0609590735406387,0.0352961098873522,0.0705571412664368,0.0355960029533635,0.0373008050154486,0.0705571412664368,0.0705571412664368
60,var5_nominal,187,,-0.017384537608636275,-0.019111853118977302,-0.012335605121878996,-0.017775063783493635,-0.017437446569804872,-0.015635152278462235,-0.014751501306275646
60,cvar5_nominal,187,,-0.027878712050962432,-0.0459645474282891,-0.017081020789410265,-0.0453853905434482,-0.030131955190287763,-0.019467326683084703,-0.0175829400068024
60,skewness_nominal,187,,-0.16785293810647473,-1.3360850071065216,0.5598893351480488,-1.0545284750080903,-0.4837291588937406,0.3375240120759173,0.44550808715299833
60,curtose_nominal,187,,0.808917346019467,-1.1323722174628594,3.876264742221249,-0.612424431875335,0.4056388083838798,1.3924185649167824,2.368805091177678
60,cagr_real,187,,0.06277645573985513,0.03185075063567666,0.13498076337221332,0.041906378894723505,0.053618739969474194,0.07585347477646232,0.10616000957236824
60,volatilidade_real,187,,0.06535936771362191,0.050673685298798614,0.07454076534059487,0.05562539867054336,0.06071551636670647,0.07085203183103711,0.07321970809433719
60,drawdown_maximo_real,187,,-0.06851812051390789,-0.17084785563116747,-0.04401018527459272,-0.17084785563116683,-0.12300150202307507,-0.061570012495274565,-0.05650902297468001
60,tempo_recuperacao_real,187,0.0,7.0,2.0,24.0,2.0,3.0,20.0,20.0
60,ulcer_index_real,187,,1.949626989718757,1.1324142581670888,5.8784397398404025,1.3098269221508516,1.6445800204230197,5.369417327980864,5.856402887630574
60,sharpe_real,187,,0.5046869468418786,-0.2796680479751667,1.5921268559526918,-0.15403259569292385,0.24159836268764862,0.7248504177438346,1.1270363418830094
60,sortino_real,187,,1.0094729476701032,-0.36583929887355054,2.703886633090808,-0.2322362003166316,0.49416351745052367,1.5801866681534613,2.2117170250790226
60,calmar_real,187,,0.92028367292897,0.18642757041351057,2.042842509352351,0.2515360771827022,0.466458450512685,1.3284413887937025,1.6820096483850888
60,pior_mes_real,187,,-0.0514797480893852,-0.0773372360660121,-0.022942263993821,-0.0773372360660121,-0.0514797480893852,-0.028912440629414,-0.027618726329565
60,melhor_mes_real,187,,0.0576548940791639,0.0351929479985795,0.0642582105176887,0.0351929479985795,0.0351929479985795,0.0642582105176887,0.0642582105176887
60,var5_real,187,,-0.022662189802856943,-0.0247723716042748,-0.01667233645243811,-0.0247723716042748,-0.0247723716042748,-0.020466586508116356,-0.017747741166971923
60,cvar5_real,187,,-0.0306453556762727,-0.050859108078007136,-0.020974958376962834,-0.0508334293414767,-0.03598933717618347,-0.027194688374782904,-0.024155344567293232
60,skewness_real,187,,0.03196951284924969,-1.18934201200476,0.5294628393009596,-1.0165207952221986,-0.2621593472591157,0.11295603181650446,0.17679608155456059
60,curtose_real,187,,0.3131626669835792,-1.1363025128612634,3.5405627662716164,-0.6379510020265459,-0.1143065416069291,0.8625584365032177,2.2922202956236597
60,pct_meses_positivos,187,,0.7333333333333333,0.6333333333333333,0.7833333333333333,0.6666666666666666,0.7,0.75,0.7666666666666667
60,pct_meses_negativos,187,,0.26666666666666666,0.21666666666666667,0.36666666666666664,0.23333333333333334,0.25,0.3,0.3333333333333333
72,cagr_nominal,175,,0.1323139307900303,0.09205321179990733,0.1753463650024063,0.10705221759985081,0.12522215666197878,0.1399748188093375,0.15533578565347708
72,volatilidade_nominal,175,,0.06355654083673079,0.05267723017630456,0.07127429122657482,0.05811835718776298,0.0598184819061882,0.0663932710227321,0.06941776779189744
72,drawdown_maximo_nominal,175,,-0.06553572638948565,-0.14774640698307506,-0.030839595990960398,-0.14774640698307476,-0.06553572638948577,-0.030839595990960637,-0.03083959599096054
72,tempo_recuperacao_nominal,175,0.0,2.0,2.0,10.0,2.0,2.0,3.0,10.0
72,ulcer_index_nominal,175,,1.1521439398337807,0.7453464086804485,3.8201527859762807,0.8404558819473266,0.8702096631010985,1.552645383971167,3.8149636746232765
72,sharpe_nominal,175,,0.5983534393457712,-0.18267705919258767,1.4452552910756375,0.02620124797174715,0.40087413347939305,0.8619406238255678,1.1405878131665863
72,sortino_nominal,175,,1.388051685158817,-0.2271381945888691,2.6094248760012517,0.032928109113081944,0.9221704798027526,1.7848220212771695,2.0926803703565438
72,calmar_nominal,175,,2.39432275767441,0.6230487338379244,5.016571907173496,0.7276939680232526,1.9392427359892412,4.200595408413022,4.496270270793081
72,pior_mes_nominal,175,,-0.0508160190576914,-0.0731842782636079,-0.0194256609052902,-0.0731842782636079,-0.0508160190576914,-0.0200455075958645,-0.0200455075958645
72,melhor_mes_nominal,175,,0.0609590735406387,0.0355960029533635,0.0705571412664368,0.0373008050154486,0.0609590735406387,0.0705571412664368,0.0705571412664368
72,var5_nominal,175,,-0.016897060189348816,-0.01813935421120063,-0.013671244827177355,-0.01813935421120063,-0.01742110219038715,-0.016341348234155315,-0.015594632382187293
72,cvar5_nominal,175,,-0.026927058311024148,-0.0388954581339087,-0.016942443563769123,-0.0388954581339087,-0.027304499776736376,-0.018981338458476226,-0.018937922040971125
72,skewness_nominal,175,,-0.1649717488819666,-1.34572987743453,0.45161230658781226,-1.1089819190944195,-0.3663762545937216,0.3091594498982627,0.39027895678451674
72,curtose_nominal,175,,0.7995521481665753,-1.0280319170641392,4.28685757383308,0.46343130467484017,0.5869518268482883,1.0885569589574637,2.6279235663288856
72,cagr_real,175,,0.06799986468311636,0.03347777516886463,0.11714317740344371,0.04907310044154461,0.058687600271788654,0.07836722352875003,0.09920825794804577
72,volatilidade_real,175,,0.06690981723099701,0.05418321428262928,0.07351230006735338,0.0590240925488378,0.06066174025650194,0.06928951959351692,0.0703223599752026
72,drawdown_maximo_real,175,,-0.06851812051390795,-0.17084785563116747,-0.04401018527459283,-0.17084785563116686,-0.12300150202307511,-0.061570012495274634,-0.061570012495274405
72,tempo_recuperacao_real,175,0.0,7.0,2.0,24.0,2.0,7.0,20.0,20.0
72,ulcer_index_real,175,,1.8626269612426576,1.298157712299048,5.384484411105819,1.561546407339058,1.7707188767936475,4.955243361276602,5.361252353320249
72,sharpe_real,175,,0.5507054786144704,-0.17257297036102515,1.3215008315150452,0.02449915114755013,0.3720280570660325,0.7789906570109344,1.018599985814924
72,sortino_real,175,,1.1460211783468264,-0.2156236866308443,2.39971979745102,0.0313590825130728,0.7468398402542121,1.5509164117792604,1.9416936272829544
72,calmar_real,175,,0.8889017237507905,0.19595080690469865,1.7740504700302089,0.3015520653394714,0.5388913618542248,1.2247561809604157,1.4748211665905029
72,pior_mes_real,175,,-0.0514797480893852,-0.0773372360660121,-0.022942263993821,-0.0773372360660121,-0.0514797480893852,-0.028912440629414,-0.028912440629414
72,melhor_mes_real,175,,0.0576548940791639,0.0351929479985795,0.0642582105176887,0.0351929479985795,0.0576548940791639,0.0642582105176887,0.0642582105176887
72,var5_real,175,,-0.02257364424142854,-0.0248904880510516,-0.01742379983937413,-0.023759168368394014,-0.023610497053159926,-0.021162724586971004,-0.020756760380837198
72,cvar5_real,175,,-0.0326153054326916,-0.043860638004562774,-0.021207479627345552,-0.043860638004562774,-0.03296297215673269,-0.0265854180431941,-0.026131582279542424
72,skewness_real,175,,0.0013887011151411605,-1.148870812285905,0.35453300380632297,-1.0417334022163616,-0.17154083791801522,0.08907355221025552,0.1961833831215324
72,curtose_real,175,,0.2828161229123478,-1.048932011028636,3.737769899217703,-0.16468558841911327,0.07449380733698452,0.6128413888647022,2.5323423409201737
72,pct_meses_positivos,175,,0.7222222222222222,0.6527777777777778,0.7638888888888888,0.6861111111111111,0.7083333333333334,0.7361111111111112,0.75
72,pct_meses_negativos,175,,0.2777777777777778,0.2361111111111111,0.3472222222222222,0.25,0.2638888888888889,0.2916666666666667,0.31388888888888883
84,cagr_nominal,163,,0.1349121031011553,0.09752557106315418,0.1613684183823889,0.1105072285244491,0.12920424095878724,0.1407448016378946,0.15104678087005613
84,volatilidade_nominal,163,,0.06349243143016932,0.056765289618519364,0.07046617531071672,0.05775333357842378,0.06008044134726895,0.06630652765166647,0.06767106062834173
84,drawdown_maximo_nominal,163,,-0.06553572638948567,-0.14774640698307506,-0.0308395959909604,-0.14774640698307476,-0.0655357263894858,-0.034425020533753764,-0.03083959599096055
84,tempo_recuperacao_nominal,163,0.0,2.0,2.0,10.0,2.0,2.0,3.0,10.0
84,ulcer_index_nominal,163,,1.3497957765677675,0.8063387345979436,3.5438191230216045,0.8143501756142285,0.9264414032098305,1.453706526267303,3.5383670249149324
84,sharpe_nominal,163,,0.6865434380302897,-0.05580187815878818,1.1673317019455198,0.06884207020995407,0.3806389001077083,0.870190807486189,0.9841491214864002
84,sortino_nominal,163,,1.4732665687881668,-0.07130350422399936,2.3018916376168357,0.0859370165391063,1.083770756665528,1.6772891370416938,1.996386735752664
84,calmar_nominal,163,,2.147400878782811,0.6600875991138401,4.813459482174818,0.7481173263528644,2.0008072572253464,3.8605700028052805,4.5251649775071385
84,pior_mes_nominal,163,,-0.0508160190576914,-0.0731842782636079,-0.0200455075958645,-0.0731842782636079,-0.0508160190576914,-0.0200455075958645,-0.0200455075958645
84,melhor_mes_nominal,163,,0.0705571412664368,0.0373008050154486,0.0705571412664368,0.0373008050154486,0.0609590735406387,0.0705571412664368,0.0705571412664368
84,var5_nominal,163,,-0.01714165634044162,-0.01884126185259639,-0.0155410085296949,-0.017266718981676536,-0.017226258680462694,-0.016381966222174364,-0.0155410085296949
84,cvar5_nominal,163,,-0.02465102220561944,-0.03455688162623306,-0.01802880714618042,-0.03455688162623306,-0.02575046760485058,-0.01903546981383494,-0.01854436021243524
84,skewness_nominal,163,,-0.17817600292755773,-1.1535810503714867,0.35372797399722616,-1.0887937628109188,-0.29367645376454726,0.25436620481524863,0.30552581988657357
84,curtose_nominal,163,,0.7534758082929525,0.14204997647009243,3.151701206709687,0.3891066475567941,0.5384543461137927,1.031521099319808,2.8098755376416893
84,cagr_real,163,,0.07364294425013274,0.03752632099719744,0.10071703551754863,0.04920505177460242,0.05924619075113102,0.07919065895848132,0.08900140203237862
84,volatilidade_real,163,,0.06661739826734692,0.05783550067400741,0.07104179709999825,0.059482513130357476,0.060838499996504536,0.06759315357938621,0.06982819574358043
84,drawdown_maximo_real,163,,-0.10018606745484225,-0.17084785563116747,-0.05650902297468006,-0.17084785563116686,-0.12300150202307511,-0.06157001249527466,-0.06157001249527456
84,tempo_recuperacao_real,163,0.0,17.0,2.0,24.0,2.0,7.0,20.0,20.0
84,ulcer_index_real,163,,2.431127066683511,1.4719334481158424,5.015009328088108,1.6860509527807466,1.741474261715581,4.6062605756103725,4.979398170140414
84,sharpe_real,163,,0.6322936804676716,-0.05208639812445714,1.0757875580858318,0.06481932398820124,0.3529934903936356,0.7851934922713205,0.8885319957438329
84,sortino_real,163,,1.2998095494534028,-0.06794602669368652,2.0478159535932923,0.0824593598118197,0.7918989039235849,1.5159631647584633,1.6838670972125367
84,calmar_real,163,,0.6933110361774233,0.21964759732314537,1.4699328405703282,0.30002346746565806,0.5978567360271944,1.1940798779539639,1.3381793050524153
84,pior_mes_real,163,,-0.0514797480893852,-0.0773372360660121,-0.027618726329565,-0.0773372360660121,-0.0514797480893852,-0.028912440629414,-0.028912440629414
84,melhor_mes_real,163,,0.0576548940791639,0.0351929479985795,0.0642582105176887,0.0351929479985795,0.0576548940791639,0.0642582105176887,0.0642582105176887
84,var5_real,163,,-0.022600605464931603,-0.0250086044978284,-0.019963427936461334,-0.024444758867900124,-0.022901717271484427,-0.022130350488967363,-0.019963427936461334
84,cvar5_real,163,,-0.030107073435598302,-0.04061225566956322,-0.023943047480237855,-0.0395846926040284,-0.032245621436311905,-0.025856787233319477,-0.025856787233319477
84,skewness_real,163,,-0.023164472735511643,-1.1376319090357085,0.22142041074762864,-0.9741489643250746,-0.09646103348793929,0.04986809709036089,0.1162118883059998
84,curtose_real,163,,0.2910462146108004,-0.41494619201747307,2.9386571281632703,-0.17181533095740226,0.07945704374585105,0.580628713018678,2.5736672402438883
84,pct_meses_positivos,163,,0.7261904761904762,0.6785714285714286,0.7619047619047619,0.7023809523809523,0.7142857142857143,0.7380952380952381,0.75
84,pct_meses_negativos,163,,0.27380952380952384,0.23809523809523808,0.32142857142857145,0.25,0.2619047619047619,0.2857142857142857,0.2976190476190476
96,cagr_nominal,151,,0.13658148465568876,0.09959459701746565,0.15386369994686988,0.10816988987847975,0.12840477339504963,0.14199220516650002,0.14864464458578963
96,volatilidade_nominal,151,,0.06326863120968246,0.05569497704587886,0.07034014868441826,0.05756802907141797,0.06036011125248942,0.06567430314497821,0.06810060305945421
96,drawdown_maximo_nominal,151,,-0.06553572638948568,-0.14774640698307506,-0.0308395959909604,-0.14774640698307479,-0.0655357263894858,-0.034425020533753924,-0.03083959599096058
96,tempo_recuperacao_nominal,151,0.0,2.0,2.0,10.0,2.0,2.0,3.0,10.0
96,ulcer_index_nominal,151,,1.356484506534561,0.7680253009711902,3.3536409826594946,0.7868316598099665,0.9112416456966637,1.4579133632990842,3.333261329133697
96,sharpe_nominal,151,,0.7081773552121168,-0.054425931427277384,1.0237551094252502,0.061074197065900934,0.43447936959018346,0.8612298856903748,0.9616829802849969
96,sortino_nominal,151,,1.476071424874987,-0.07256164095329569,2.525932542221476,0.08128322636642603,1.1941124039732534,1.710734880880153,1.8623107340420393
96,calmar_nominal,151,,2.136720304800302,0.674091499422215,4.887987862119283,0.7408764937726731,1.9760872742081643,3.8539049912525147,4.501725625751911
96,pior_mes_nominal,151,,-0.0508160190576914,-0.0731842782636079,-0.0200455075958645,-0.0731842782636079,-0.0508160190576914,-0.0200455075958645,-0.0200455075958645
96,melhor_mes_nominal,151,,0.0705571412664368,0.0373008050154486,0.0705571412664368,0.0609590735406387,0.0609590735406387,0.0705571412664368,0.0705571412664368
96,var5_nominal,151,,-0.0168979793200861,-0.01884294409049955,-0.0155175315124721,-0.018042261992605575,-0.017321702783582575,-0.016732460943791876,-0.0155175315124721
96,cvar5_nominal,151,,-0.02531354144431518,-0.035408725419770325,-0.01903546981383494,-0.03455688162623306,-0.02600841584776492,-0.01903546981383494,-0.01903546981383494
96,skewness_nominal,151,,-0.13713099199743112,-1.154079905915272,0.3145985968080434,-0.6255556872861476,-0.2741757595452641,0.15954238852651176,0.26312094630692895
96,curtose_nominal,151,,0.7104100742881401,0.01242956744644852,3.1814715115063334,0.408140320869141,0.5319213823641586,1.2436101607165675,2.736044845947628
96,cagr_real,151,,0.07287458704761973,0.03752566544934366,0.09277436660708482,0.04332692345517031,0.06560521719875823,0.08179329826364856,0.08736953777409351
96,volatilidade_real,151,,0.06495640164368352,0.05710857702798616,0.07099660938505656,0.0589728179506216,0.061426568801853376,0.0679165504160501,0.06995120241867132
96,drawdown_maximo_real,151,,-0.12300150202307482,-0.17084785563116747,-0.06157001249527449,-0.1708478556311669,-0.12300150202307514,-0.06157001249527469,-0.061570012495274565
96,tempo_recuperacao_real,151,0.0,17.0,2.0,24.0,2.0,7.0,20.0,20.0
96,ulcer_index_real,151,,3.2909744261354565,1.5953743902391135,4.755671225447133,1.6107224052931224,1.7298117564256692,4.325290416991555,4.69111167429528
96,sharpe_real,151,,0.6426943944442676,-0.05016747204822265,0.9407636985603685,0.056938838005077444,0.40323725911974656,0.7843744797559796,0.8778253618870598
96,sortino_real,151,,1.27563103573125,-0.06784338445750979,1.9655565077637907,0.07741429994000598,0.9079979233152351,1.5421792119974516,1.6981009883639444
96,calmar_real,151,,0.6956654424160692,0.22222971860908616,1.430889373223915,0.2716297224612399,0.5558812762488456,1.1814958685195158,1.32002892959241
96,pior_mes_real,151,,-0.0514797480893852,-0.0773372360660121,-0.028912440629414,-0.0773372360660121,-0.0514797480893852,-0.028912440629414,-0.028912440629414
96,melhor_mes_real,151,,0.0576548940791639,0.0351929479985795,0.0642582105176887,0.0576548940791639,0.0576548940791639,0.0642582105176887,0.0642582105176887
96,var5_real,151,,-0.02273953038213815,-0.025257874177786,-0.019520557893406273,-0.0248314298276632,-0.023193366145789825,-0.022049010284343,-0.019520557893406273
96,cvar5_real,151,,-0.03156428405243232,-0.04224382507290982,-0.025856787233319477,-0.04061225566956322,-0.03289983569750588,-0.025856787233319477,-0.025856787233319477
96,skewness_real,151,,-0.017498418218565685,-1.0749448380929647,0.1389076694998367,-0.6760895883702062,-0.0706305679595379,0.03572556142885372,0.07653060304268904
96,curtose_real,151,,0.36037364852292697,-0.46073650347927897,3.004274085696167,-0.17842162477719858,-0.004130372915611913,0.6116695920861948,2.3671333344223315
96,pct_meses_positivos,151,,0.7291666666666666,0.6770833333333334,0.7604166666666666,0.6875,0.7083333333333334,0.7395833333333334,0.75
96,pct_meses_negativos,151,,0.2708333333333333,0.23958333333333334,0.3229166666666667,0.25,0.2604166666666667,0.2916666666666667,0.3125
108,cagr_nominal,139,,0.13673348469270774,0.09984447795918983,0.15809872396683922,0.10996237780977562,0.12820146665289645,0.14244401218592506,0.1466424969691138
108,volatilidade_nominal,139,,0.06353198821694518,0.05582209802573217,0.06970824313511162,0.05724204091555586,0.05895401960808238,0.06621592043139515,0.06798655859468165
108,drawdown_maximo_nominal,139,,-0.06553572638948568,-0.14774640698307506,-0.0308395959909604,-0.1477464069830748,-0.06553572638948581,-0.0655357263894856,-0.034425020533753715
108,tempo_recuperacao_nominal,139,0.0,2.0,2.0,10.0,2.0,2.0,3.0,10.0
108,ulcer_index_nominal,139,,1.287122725408661,0.7528096179789834,3.1876000326865888,0.8579759636256764,0.9894825620239678,1.418849283596534,3.1708996952232775
108,sharpe_nominal,139,,0.6690568688772336,-0.10903647755368696,1.0687654024304205,0.0432766033716092,0.5195320620252152,0.8659325908497637,0.9604829979240888
108,sortino_nominal,139,,1.5073475904220588,-0.16784704395531294,2.3732800848320124,0.06376936005023018,1.1797308738646588,1.7164724215599452,1.9151586524128679
108,calmar_nominal,139,,2.128151618871254,0.6757827821195522,4.796428699895472,0.7442643110933486,1.956207304256941,2.3414045168279456,4.164694522586705
108,pior_mes_nominal,139,,-0.0508160190576914,-0.0731842782636079,-0.0200455075958645,-0.0731842782636079,-0.0508160190576914,-0.0508160190576914,-0.0200455075958645
108,melhor_mes_nominal,139,,0.0705571412664368,0.0373008050154486,0.0705571412664368,0.0609590735406387,0.0705571412664368,0.0705571412664368,0.0705571412664368
108,var5_nominal,139,,-0.017061659434905754,-0.018608776779546494,-0.014719715178450945,-0.018263645987960958,-0.017910149168295746,-0.01670203985877234,-0.0155331828572873
108,cvar5_nominal,139,,-0.024332228021144348,-0.03271593705568691,-0.018617343492670066,-0.03245530289160318,-0.024799640936686237,-0.023127143408343303,-0.018662299382907668
108,skewness_nominal,139,,-0.11445844335003973,-1.0637498657902391,0.26429882273410327,-0.5733228081997644,-0.293366887711654,0.056176714317181964,0.2039519913454937
108,curtose_nominal,139,,0.8081022802134981,0.11816058148103181,2.9552959651640087,0.3330891503330541,0.5024235538534474,1.2271844482801821,2.4012772565718743
108,cagr_real,139,,0.0727605700636389,0.03304465589037209,0.09876077975755315,0.04694660760119516,0.06379860197662601,0.08343493642133071,0.08859675650698806
108,volatilidade_real,139,,0.06584154974356866,0.057501727577028476,0.07033737726171152,0.05839924690478729,0.06216437286654504,0.06795526223459261,0.06912748884478914
108,drawdown_maximo_real,139,,-0.12300150202307497,-0.17084785563116747,-0.06157001249527449,-0.17084785563116692,-0.12300150202307515,-0.06851812051390782,-0.06157001249527459
108,tempo_recuperacao_real,139,0.0,17.0,2.0,24.0,2.0,7.0,20.0,20.0
108,ulcer_index_real,139,,3.796812825497276,1.5389608979339666,4.609468891475473,1.638221324896964,1.667325137787261,4.201624042705919,4.481131111173504
108,sharpe_real,139,,0.6070777609452102,-0.10166073932899335,0.9791817362725005,0.040499888237732214,0.4800442635554857,0.7826159370990959,0.8789696080126203
108,sortino_real,139,,1.2645835443916393,-0.15319787881997307,1.8809548781425347,0.05821056406927494,1.0235657377110077,1.5287533861093747,1.701274477566002
108,calmar_real,139,,0.6843447309345797,0.19341569004945652,1.4413819149856362,0.28024247108099765,0.5311193171034211,1.183742773264859,1.3101338222318935
108,pior_mes_real,139,,-0.0514797480893852,-0.0773372360660121,-0.028912440629414,-0.0773372360660121,-0.0514797480893852,-0.0514797480893852,-0.028912440629414
108,melhor_mes_real,139,,0.0642582105176887,0.0351929479985795,0.0642582105176887,0.0576548940791639,0.0576548940791639,0.0642582105176887,0.0642582105176887
108,var5_real,139,,-0.02273071691041112,-0.02494954627444,-0.018855506718745915,-0.02494954627444,-0.024122236979315353,-0.022505476069404146,-0.019815804588776315
108,cvar5_real,139,,-0.030127280709330434,-0.0393294554021628,-0.02532598144636243,-0.0393294554021628,-0.03159201277548319,-0.02831189931446525,-0.02532598144636243
108,skewness_real,139,,-0.030347852604360067,-0.988785237766397,0.11436332746415602,-0.6171380373725177,-0.19706058401751803,0.04661603131024401,0.0713347295843052
108,curtose_real,139,,0.3873478408148743,-0.39751039563044976,2.7975932019102343,-0.21743078333393973,0.07841103754015077,0.6798433702312889,1.9555764658807815
108,pct_meses_positivos,139,,0.7222222222222222,0.6666666666666666,0.7592592592592593,0.6944444444444444,0.7037037037037037,0.7407407407407407,0.75
108,pct_meses_negativos,139,,0.2777777777777778,0.24074074074074073,0.3333333333333333,0.25,0.25925925925925924,0.2962962962962963,0.3055555555555556
120,cagr_nominal,127,,0.13482961877080935,0.10892647744176509,0.1538887471332233,0.11326787720840348,0.12478438749073228,0.14183583295825086,0.1503392477815868
120,volatilidade_nominal,127,,0.06335053901834477,0.056953628140918824,0.06789177704963252,0.05799176302025781,0.06149062679013541,0.0656033076670326,0.06715529407556081
120,drawdown_maximo_nominal,127,,-0.0655357263894857,-0.14774640698307506,-0.034425020533753646,-0.1477464069830748,-0.07804685297034883,-0.06553572638948564,-0.03442502053375392
120,tempo_recuperacao_nominal,127,0.0,2.0,2.0,10.0,2.0,2.0,10.0,10.0
120,ulcer_index_nominal,127,,1.321167531544834,0.834495625549027,3.025963380375428,0.8423879890678786,0.9568350582644718,1.3696689192213851,3.024659637412239
120,sharpe_nominal,127,,0.6733738012116331,-0.007596805980327732,1.0925163743117074,0.05273998112291166,0.3873581432464348,0.8004900022696098,0.9852335154110717
120,sortino_nominal,127,,1.3647221838484376,-0.011550391995585775,2.2391972470777626,0.08004169537706864,0.5871392424629127,1.7489203151627306,2.0211398018926854
120,calmar_nominal,127,,2.063370521518118,0.7372529705865765,4.163136535815186,0.7666371015125873,1.6669876503113477,2.2796663764039162,4.055320676578723
120,pior_mes_nominal,127,,-0.0508160190576914,-0.0731842782636079,-0.0200455075958645,-0.0731842782636079,-0.0731842782636079,-0.0508160190576914,-0.0200455075958645
120,melhor_mes_nominal,127,,0.0705571412664368,0.0609590735406387,0.0705571412664368,0.0609590735406387,0.0705571412664368,0.0705571412664368,0.0705571412664368
120,var5_nominal,127,,-0.017366632221437257,-0.017759004599135115,-0.0138628569173377,-0.017759004599135115,-0.01742001102796352,-0.016567861698234935,-0.016540198653916982
120,cvar5_nominal,127,,-0.024799640936686237,-0.03271593705568691,-0.018662299382907668,-0.03271593705568691,-0.028060271222130437,-0.024332228021144348,-0.018662299382907668
120,skewness_nominal,127,,-0.08533369094490914,-0.6203912269612478,0.19828317069097762,-0.5811615722113019,-0.5044107654387556,0.049446529546620155,0.16545652103651282
120,curtose_nominal,127,,0.8910481438826339,0.050910171627446044,2.8022219722673327,0.21835026745027986,0.5521786863867943,2.0368773551698753,2.2611044069152118
120,cagr_real,127,,0.07301354183055175,0.04493980109089746,0.09267250588240872,0.048879859391652444,0.06106848496379236,0.08046527995692432,0.08958450079237656
120,volatilidade_real,127,,0.06559108219334768,0.05836328036232598,0.0686362656802119,0.05953677512333778,0.0637421235269482,0.06760558580554935,0.06807567140633458
120,drawdown_maximo_real,127,,-0.12300150202307501,-0.17084785563116747,-0.06157001249527449,-0.17084785563116697,-0.12300150202307521,-0.06851812051390786,-0.06157001249527464
120,tempo_recuperacao_real,127,0.0,17.0,2.0,24.0,2.0,7.0,20.0,20.0
120,ulcer_index_real,127,,3.88279210809822,1.5805332168441364,4.375331120961223,1.5888992448974126,1.6239696937740478,4.035832464316688,4.373936240522951
120,sharpe_real,127,,0.6093717022079623,-0.0070877292715396025,1.001066328101841,0.04916123991747833,0.35978375649521305,0.7278218312589184,0.9010668437904186
120,sortino_real,127,,1.2414267780080945,-0.01057572669939142,1.8892241773081628,0.07316231790820413,0.5516436830280104,1.526446380130176,1.7190034212769443
120,calmar_real,127,,0.6157919377195843,0.26303988964260266,1.3499538075645048,0.2862289463702049,0.5030298585415023,1.234657748963185,1.302730918976699
120,pior_mes_real,127,,-0.0514797480893852,-0.0773372360660121,-0.028912440629414,-0.0773372360660121,-0.0773372360660121,-0.0514797480893852,-0.028912440629414
120,melhor_mes_real,127,,0.0642582105176887,0.0576548940791639,0.0642582105176887,0.0576548940791639,0.0576548940791639,0.0642582105176887,0.0642582105176887
120,var5_real,127,,-0.023033031146551333,-0.0247723716042748,-0.019372934545721254,-0.0247723716042748,-0.0247723716042748,-0.02268546808568939,-0.022220087882821763
120,cvar5_real,127,,-0.03159201277548319,-0.0393294554021628,-0.02532598144636243,-0.0393294554021628,-0.03443686203876825,-0.030127280709330434,-0.02532598144636243
120,skewness_real,127,,-0.03605747626257764,-0.6875348230450152,0.12463776958187664,-0.634634466438492,-0.5645599016817404,0.044899274211967766,0.07624551780389978
120,curtose_real,127,,0.40066618611038374,-0.4782196271754371,2.076504915343982,-0.33334265555007236,0.16172788653201198,1.6058390650448526,1.8078979045341965
120,pct_meses_positivos,127,,0.7166666666666667,0.6833333333333333,0.7583333333333333,0.6966666666666667,0.7083333333333334,0.7333333333333333,0.75
120,pct_meses_negativos,127,,0.2833333333333333,0.24166666666666667,0.31666666666666665,0.25,0.26666666666666666,0.2916666666666667,0.3033333333333334
132,cagr_nominal,115,,0.1355919314820575,0.11304008893399198,0.15169260513121618,0.11735088861401648,0.12306325575313615,0.1414870818684988,0.1470043274258368
132,volatilidade_nominal,115,,0.0634065634032017,0.05707739034797239,0.06611605891190521,0.06056798074208719,0.0620837761703861,0.06521017376395524,0.0657262608173745
132,drawdown_maximo_nominal,115,,-0.0655357263894857,-0.14774640698307506,-0.034425020533753646,-0.14774640698307484,-0.12753453943055915,-0.06553572638948565,-0.0655357263894856
132,tempo_recuperacao_nominal,115,0.0,2.0,2.0,10.0,2.0,2.0,10.0,10.0
132,ulcer_index_nominal,115,,1.3005643389762578,0.802116903359784,2.887678207908086,0.9281619856927994,0.9983751008116069,2.337151019464077,2.8860660372210543
132,sharpe_nominal,115,,0.6575943446272106,0.05542337608595113,1.0197671431368476,0.1312695083432798,0.3092557266570667,0.8222228494382697,0.9110036838525161
132,sortino_nominal,115,,1.3407031436724957,0.08360450696258823,2.603647418882113,0.1956272980242321,0.47023536033572655,1.6536323817761511,1.8428037913081101
132,calmar_nominal,115,,2.0689773189698184,0.7650953498107165,4.303288747350729,0.7942723685149217,0.9798876612916954,2.166971163301648,2.251743522369309
132,pior_mes_nominal,115,,-0.0508160190576914,-0.0731842782636079,-0.0200455075958645,-0.0731842782636079,-0.0731842782636079,-0.0508160190576914,-0.0508160190576914
132,melhor_mes_nominal,115,,0.0705571412664368,0.0609590735406387,0.0705571412664368,0.0705571412664368,0.0705571412664368,0.0705571412664368,0.0705571412664368
132,var5_nominal,115,,-0.017329170871861997,-0.01798243433462848,-0.015995977783050806,-0.017502025075892096,-0.017502025075892096,-0.01688025699072012,-0.01664809279048722
132,cvar5_nominal,115,,-0.023735364819249684,-0.030569116083555555,-0.018357215454898816,-0.030569116083555555,-0.030569116083555555,-0.02373269764486418,-0.02325568790787677
132,skewness_nominal,115,,-0.04913262088016574,-0.5994926638692774,0.11711638994255778,-0.5618591324999163,-0.5366295437686694,0.03588396221838107,0.06856397290784066
132,curtose_nominal,115,,0.8390051018489211,-0.04742672062965436,2.56456035693045,0.5845900297770213,0.6824353256601656,2.156605803226228,2.3010079500898204
132,cagr_real,115,,0.0726603770987968,0.05046876861771632,0.0893148064379754,0.055115288819900424,0.06077379066369648,0.07969274087782408,0.08567265425336057
132,volatilidade_real,115,,0.06571099963775073,0.05867333459108143,0.06743757548540939,0.06296332761400407,0.0640917125427868,0.06631570566723935,0.06660776252472068
132,drawdown_maximo_real,115,,-0.12300150202307503,-0.17084785563116747,-0.06157001249527454,-0.170847855631167,-0.1448721659231817,-0.07253326611075393,-0.06851812051390778
132,tempo_recuperacao_real,115,0.0,17.0,2.0,24.0,2.0,12.0,20.0,20.0
132,ulcer_index_real,115,,3.829913133002914,1.5162552853196625,4.175194427135327,1.6108416316264313,1.808498126628495,3.9373101456422237,4.1728872118402425
132,sharpe_real,115,,0.5945597995201214,0.051846638080221115,0.9399169839789763,0.12233180505289186,0.286438311633893,0.7528071712510938,0.8392868552776214
132,sortino_real,115,,1.1649926296711863,0.07633958056082474,1.9677950560923378,0.17938747302353614,0.4357779419408184,1.4505512011922828,1.6971155100551192
132,calmar_real,115,,0.5935134006728929,0.2954018265624022,1.405580397828379,0.32575993011413884,0.4303622491436939,1.0597322974797758,1.2544453832251947
132,pior_mes_real,115,,-0.0514797480893852,-0.0773372360660121,-0.028912440629414,-0.0773372360660121,-0.0773372360660121,-0.0514797480893852,-0.0514797480893852
132,melhor_mes_real,115,,0.0642582105176887,0.0576548940791639,0.0642582105176887,0.0576548940791639,0.0576548940791639,0.0642582105176887,0.0642582105176887
132,var5_real,115,,-0.022899894078545785,-0.023759168368394014,-0.02203611134844449,-0.023759168368394014,-0.023610497053159922,-0.02257364424142854,-0.022410346673876685
132,cvar5_real,115,,-0.030615669100189546,-0.036988428058113976,-0.024878884887444924,-0.036988428058113976,-0.036988428058113976,-0.02972615227168031,-0.02906223382393711
132,skewness_real,115,,-0.009341561937616434,-0.6481548731961725,0.13430429689662673,-0.6252076233978825,-0.5814977171762314,0.040236867073256764,0.07194164628949896
132,curtose_real,115,,0.32982017475871217,-0.5229320893176825,1.882131942852566,0.15648541710781744,0.22468060574313098,1.6450041520610976,1.8218856985208125
132,pct_meses_positivos,115,,0.7196969696969697,0.6818181818181818,0.7651515151515151,0.696969696969697,0.7121212121212122,0.7348484848484849,0.7424242424242424
132,pct_meses_negativos,115,,0.2803030303030303,0.23484848484848486,0.3181818181818182,0.25757575757575757,0.26515151515151514,0.2878787878787879,0.30303030303030304
144,cagr_nominal,103,,0.13353256140006353,0.1162443884998774,0.15231773896475032,0.12067236723187835,0.1256966905293505,0.13755209229054288,0.14460719653331913
144,volatilidade_nominal,103,,0.0620712002512877,0.060837212001486514,0.06881165316879383,0.061452968257928176,0.061796079830191024,0.06424545181062821,0.06502108592747706
144,drawdown_maximo_nominal,103,,-0.06553572638948571,-0.14774640698307506,-0.06553572638948556,-0.14774640698307484,-0.14774640698307467,-0.06553572638948567,-0.06553572638948561
144,tempo_recuperacao_nominal,103,0.0,2.0,2.0,10.0,2.0,2.0,10.0,10.0
144,ulcer_index_nominal,103,,1.2556249357447222,0.9587655907559585,2.8108496856063825,0.972766434333098,1.2423808451961325,2.7572024682023377,2.768332170404309
144,sharpe_nominal,103,,0.6573234450668418,0.17362554252792672,1.008297766014012,0.22230290382655576,0.40050061466707565,0.7312116574124423,0.9074084643354625
144,sortino_nominal,103,,1.33235223008289,0.26084930260943096,2.07250439594195,0.33704112135145425,0.5974288207380556,1.460224065225103,1.8731055160577226
144,calmar_nominal,103,,2.032307734084041,0.7867831839267255,2.324193952768756,0.8167533119482365,0.8519900436166594,2.094806139933504,2.206539921048611
144,pior_mes_nominal,103,,-0.0508160190576914,-0.0731842782636079,-0.0508160190576914,-0.0731842782636079,-0.0731842782636079,-0.0508160190576914,-0.0508160190576914
144,melhor_mes_nominal,103,,0.0705571412664368,0.0705571412664368,0.0705571412664368,0.0705571412664368,0.0705571412664368,0.0705571412664368,0.0705571412664368
144,var5_nominal,103,,-0.017234979606489002,-0.017637417930346934,-0.016381966222174364,-0.017344107048420834,-0.017327638236765416,-0.01719451930527516,-0.01675598692705746
144,cvar5_nominal,103,,-0.02319665183000475,-0.03309997895532253,-0.022414565905247888,-0.02891669008743991,-0.02891669008743991,-0.022932490175997636,-0.022512772878546337
144,skewness_nominal,103,,-0.018783835685326454,-0.6989693254772676,0.06364884355133904,-0.5869358231370545,-0.5416810618858625,0.016747153154308383,0.04895735820437432
144,curtose_nominal,103,,0.7766419550111472,0.5283802755607705,2.4260472838800835,0.6683124214879632,0.7124326808324972,2.096328760399874,2.281264679228289
144,cagr_real,103,,0.07016535487812026,0.055797862855095026,0.0911747327142638,0.06027331808668608,0.06581073719635966,0.07554398194291068,0.0827841888162562
144,volatilidade_real,103,,0.06466356379928341,0.06293854988618322,0.07059100378893073,0.06331222130978467,0.06408326246780323,0.06533089709526954,0.06640040452766516
144,drawdown_maximo_real,103,,-0.12300150202307507,-0.17084785563116747,-0.06851812051390771,-0.17084785563116703,-0.16674282982328803,-0.1230015020230748,-0.06851812051390789
144,tempo_recuperacao_real,103,0.0,20.0,2.0,24.0,2.0,17.0,20.0,20.0
144,ulcer_index_real,103,,3.7199692071998025,1.5867294621600072,4.007320400813221,1.6217827542206726,2.6301870943615424,3.8255138294627495,4.004104968556126
144,sharpe_real,103,,0.5978431603797874,0.16094047111481036,0.930365882616388,0.20591757611300185,0.3711281570653373,0.6642467915901002,0.8345376687158668
144,sortino_real,103,,1.16718462147902,0.23887880436897377,1.9146944469326004,0.3113785089229637,0.562392437205316,1.278051459232246,1.6906394341506987
144,calmar_real,103,,0.5706648971245784,0.32659387294596,1.3306659906959508,0.3532550962808504,0.3946840608744918,0.6393371577631974,1.2016581207578785
144,pior_mes_real,103,,-0.0514797480893852,-0.0773372360660121,-0.0514797480893852,-0.0773372360660121,-0.0773372360660121,-0.0514797480893852,-0.0514797480893852
144,melhor_mes_real,103,,0.0642582105176887,0.0576548940791639,0.0642582105176887,0.0576548940791639,0.0576548940791639,0.0642582105176887,0.0642582105176887
144,var5_real,103,,-0.022836236493331826,-0.022930708562382305,-0.02215261621062297,-0.022901717271484427,-0.022901717271484427,-0.022645141165173018,-0.022448674501974585
144,cvar5_real,103,,-0.029656493461893477,-0.038799843062022873,-0.02820399278768746,-0.03522302802387844,-0.03522302802387844,-0.029622704526613003,-0.028241105871221972
144,skewness_real,103,,0.0024420708328212006,-0.6994346169697127,0.09222331178481485,-0.6539013071549563,-0.5711940748881007,0.05451488546164175,0.06738749674328219
144,curtose_real,103,,0.30907667962843055,0.1209214430424348,1.9786017172935981,0.2227227744517525,0.2540563742564539,1.6039707363236677,1.7656970256188924
144,pct_meses_positivos,103,,0.7291666666666666,0.6875,0.7430555555555556,0.6958333333333333,0.7152777777777778,0.7326388888888888,0.7361111111111112
144,pct_meses_negativos,103,,0.2708333333333333,0.2569444444444444,0.3125,0.2638888888888889,0.2673611111111111,0.2847222222222222,0.30416666666666664
156,cagr_nominal,91,,0.13315145895484526,0.11904490283716851,0.14821234570937802,0.12458507516853246,0.12824138940225005,0.1362142289122481,0.1401597395839298
156,volatilidade_nominal,91,,0.06147940406463603,0.06028560897393186,0.06865834693214122,0.0606809695916632,0.06116160216192828,0.06375974063543496,0.06796683646785039
156,drawdown_maximo_nominal,91,,-0.06553572638948572,-0.14774640698307506,-0.06553572638948557,-0.14774640698307484,-0.14774640698307473,-0.06553572638948567,-0.06553572638948563
156,tempo_recuperacao_nominal,91,0.0,2.0,2.0,10.0,2.0,2.0,10.0,10.0
156,ulcer_index_nominal,91,,1.218577110566246,0.9421019163075117,2.715954093495411,1.1398681076827593,1.2098387709866083,2.660867999503588,2.702899026691731
156,sharpe_nominal,91,,0.6461183293076823,0.22691465351999146,0.9635968100933304,0.34364012596737603,0.48203699557707413,0.7034859295869204,0.7839235595920674
156,sortino_nominal,91,,1.2939214362557607,0.3484262342505926,2.035852242227715,0.5262213508782384,0.7264613550414217,1.4171834678872899,1.6099392907194443
156,calmar_nominal,91,,2.0191605830179755,0.805738056633796,2.2615503615316075,0.8432359047675827,0.8745191424977443,2.0682066006290842,2.1386768302672934
156,pior_mes_nominal,91,,-0.0508160190576914,-0.0731842782636079,-0.0508160190576914,-0.0731842782636079,-0.0731842782636079,-0.0508160190576914,-0.0508160190576914
156,melhor_mes_nominal,91,,0.0705571412664368,0.0705571412664368,0.0705571412664368,0.0705571412664368,0.0705571412664368,0.0705571412664368,0.0705571412664368
156,var5_nominal,91,,-0.017321702783582575,-0.017434328648664676,-0.0165941457222021,-0.017434328648664676,-0.017321702783582575,-0.0169254273395118,-0.0167231258334426
156,cvar5_nominal,91,,-0.02319665183000475,-0.03309997895532253,-0.022512772878546337,-0.03309997895532253,-0.02891669008743991,-0.023016226991497312,-0.022932490175997636
156,skewness_nominal,91,,-0.02260881507520042,-0.6513911587456402,0.0624133382423747,-0.5741826073038205,-0.5501482873478009,0.013415020289092333,0.04037253272882291
156,curtose_nominal,91,,0.7987605872048364,0.4680598242393277,2.234244885529953,0.600799231137572,0.6862104317623652,1.948232805460505,2.1952706843800396
156,cagr_real,91,,0.06973537079122782,0.06013303560554406,0.08476267006126736,0.06460797072138003,0.06710944421281395,0.07491312214520351,0.07747757463570104
156,volatilidade_real,91,,0.06382617207447908,0.06252296159482428,0.070384139337127,0.06320083559744775,0.06347893506555546,0.06514264890676139,0.0697567392556593
156,drawdown_maximo_real,91,,-0.12300150202307514,-0.17084785563116747,-0.06851812051390771,-0.17084785563116703,-0.16674282982328809,-0.1230015020230749,-0.10018606745484225
156,tempo_recuperacao_real,91,0.0,20.0,2.0,24.0,17.0,17.0,20.0,20.0
156,ulcer_index_real,91,,3.5906076184530678,1.6240326490180097,3.8922715288017007,2.0994666584424317,3.3408930809164197,3.7406883984352217,3.850783993958208
156,sharpe_real,91,,0.5869777667810413,0.21135070759917388,0.8838262475227382,0.3186778560081114,0.4452560833314041,0.6409492944576878,0.7124746563098759
156,sortino_real,91,,1.1282059655361736,0.3214995828832172,1.8185818955909627,0.4851274580614584,0.6894543328967122,1.2392443710830348,1.399497294315285
156,calmar_real,91,,0.5623220259633908,0.3519683368772361,1.2370839921690804,0.38227063790951976,0.4134887791619455,0.6100668325649622,0.7486752548681556
156,pior_mes_real,91,,-0.0514797480893852,-0.0773372360660121,-0.0514797480893852,-0.0773372360660121,-0.0773372360660121,-0.0514797480893852,-0.0514797480893852
156,melhor_mes_real,91,,0.0642582105176887,0.0576548940791639,0.0642582105176887,0.0576548940791639,0.0642582105176887,0.0642582105176887,0.0642582105176887
156,var5_real,91,,-0.02273953038213815,-0.022884486836627527,-0.022270531701008924,-0.022884486836627527,-0.02273953038213815,-0.022629083554648315,-0.0225378957795563
156,cvar5_real,91,,-0.029656493461893477,-0.038799843062022873,-0.028241105871221972,-0.038799843062022873,-0.03522302802387844,-0.029656493461893477,-0.029622704526613003
156,skewness_real,91,,0.011738848801395502,-0.6561597356822715,0.08642928063469922,-0.6140621808044169,-0.4969620793702522,0.05557972112509856,0.07330898665020343
156,curtose_real,91,,0.3114264297500875,0.10013342226081567,1.767636939485702,0.19859584337905423,0.2388264493317911,1.5448382805973315,1.7165065171474696
156,pct_meses_positivos,91,,0.7243589743589743,0.6987179487179487,0.7435897435897436,0.7051282051282052,0.7115384615384616,0.7371794871794872,0.7371794871794872
156,pct_meses_negativos,91,,0.27564102564102566,0.2564102564102564,0.30128205128205127,0.26282051282051283,0.26282051282051283,0.28846153846153844,0.2948717948717949
168,cagr_nominal,79,,0.13205960422789453,0.12210490486530334,0.1401779514302799,0.12691816476796794,0.12904254370228008,0.13633679076218386,0.1386945817832516
168,volatilidade_nominal,79,,0.06177790533875048,0.05924578622752225,0.06757178964268354,0.06007806633046366,0.060439385881526954,0.06689517022712832,0.06729996040947325
168,drawdown_maximo_nominal,79,,-0.06553572638948574,-0.14774640698307506,-0.06553572638948559,-0.14774640698307487,-0.14774640698307473,-0.06553572638948567,-0.06553572638948564
168,tempo_recuperacao_nominal,79,0.0,2.0,2.0,10.0,2.0,2.0,10.0,10.0
168,ulcer_index_nominal,79,,1.2296172711590663,1.1706647398968377,2.643057854646013,1.1753835822443643,1.1778061662488195,2.61702648054281,2.6195267332127163
168,sharpe_nominal,79,,0.619075126752477,0.3014224247461256,0.7708945209063013,0.48601266101395907,0.5311871291898821,0.7096577491534336,0.7369047339508261
168,sortino_nominal,79,,1.299540916779672,0.4382746329048813,1.603229730428284,0.7215425471125216,0.8057259715077116,1.4461223880301073,1.5015598742955112
168,calmar_nominal,79,,1.9990743524737768,0.8264492339180282,2.1389547221493728,0.8626312049561113,0.884925177415379,2.0803430170579036,2.1163202031053303
168,pior_mes_nominal,79,,-0.0508160190576914,-0.0731842782636079,-0.0508160190576914,-0.0731842782636079,-0.0731842782636079,-0.0508160190576914,-0.0508160190576914
168,melhor_mes_nominal,79,,0.0705571412664368,0.0705571412664368,0.0705571412664368,0.0705571412664368,0.0705571412664368,0.0705571412664368,0.0705571412664368
168,var5_nominal,79,,-0.0171317955174966,-0.017569721503119515,-0.016188972002612587,-0.017336638960141416,-0.017298211732945434,-0.017037388147997642,-0.017037388147997642
168,cvar5_nominal,79,,-0.022542842479252367,-0.031735990197162146,-0.022220737032758536,-0.0313499488619123,-0.0313499488619123,-0.022542842479252367,-0.022542842479252367
168,skewness_nominal,79,,-0.028317791199121593,-0.6686954285099517,0.05841307659770799,-0.5709114242454446,-0.5308102105706505,0.0015488929064114397,0.02572442126080864
168,curtose_nominal,79,,0.79792894280527,0.3901393815464034,2.3034866041664497,0.4917281283237366,0.6506698620754039,1.8896997952406558,2.0411585830395906
168,cagr_real,79,,0.07191159718496398,0.058091634681117554,0.07862064081371445,0.06476489324655299,0.0668267488423282,0.07364984327112167,0.0765652705568594
168,volatilidade_real,79,,0.06381679654984462,0.061923752005718674,0.06949949042115008,0.06258100066504939,0.06277407402330348,0.06857426167168934,0.06890194287750898
168,drawdown_maximo_real,79,,-0.12300150202307521,-0.17084785563116747,-0.12076051798591082,-0.17084785563116706,-0.17084785563116683,-0.12300150202307503,-0.12300150202307485
168,tempo_recuperacao_real,79,0.0,20.0,17.0,20.0,17.0,17.0,20.0,20.0
168,ulcer_index_real,79,,3.4733578009281336,2.7838858476435338,3.8453143542077015,3.061917989543932,3.4619458548366966,3.733789997404051,3.7584055816268416
168,sharpe_real,79,,0.5655608845330201,0.28222022179736206,0.7015918956960321,0.4471357778825183,0.4912933317028778,0.6453421744927734,0.6720508061957025
168,sortino_real,79,,1.12085448367919,0.4139997411482288,1.3987601886146064,0.6810581974537562,0.7637619080489022,1.2637570456616811,1.3155578179098686
168,calmar_real,79,,0.5490482224269543,0.353955327691862,0.6391843962926987,0.38677848147921945,0.4215227273560962,0.5947519228988261,0.6214546676233713
168,pior_mes_real,79,,-0.0514797480893852,-0.0773372360660121,-0.0514797480893852,-0.0773372360660121,-0.0773372360660121,-0.0514797480893852,-0.0514797480893852
168,melhor_mes_real,79,,0.0642582105176887,0.0576548940791639,0.0642582105176887,0.0642582105176887,0.0642582105176887,0.0642582105176887,0.0642582105176887
168,var5_real,79,,-0.02260939270330078,-0.024122236979315356,-0.022453291854840483,-0.022807596146048194,-0.022797581438801326,-0.02260939270330078,-0.02260939270330078
168,cvar5_real,79,,-0.028880433356302773,-0.038216082660169695,-0.028830538490568894,-0.03702933025337919,-0.03702933025337919,-0.028880433356302773,-0.028880433356302773
168,skewness_real,79,,0.00020877544923304258,-0.6886195446424879,0.10552237994266596,-0.5165806594776783,-0.4511426799925729,0.041483109144611785,0.06943830054389794
168,curtose_real,79,,0.31534570442134724,0.027151115648965884,1.8583874210954061,0.13496375726467555,0.24698476307095585,1.4636864953896302,1.623610636743787
168,pct_meses_positivos,79,,0.7202380952380952,0.7023809523809523,0.7440476190476191,0.7083333333333334,0.7142857142857143,0.7380952380952381,0.7440476190476191
168,pct_meses_negativos,79,,0.27976190476190477,0.25595238095238093,0.2976190476190476,0.25595238095238093,0.2619047619047619,0.2857142857142857,0.2916666666666667
180,cagr_nominal,67,,0.13360763267688625,0.11590190662861732,0.14006953264550415,0.11946336890409222,0.12550636398184667,0.13627051141073687,0.1378928935191258
180,volatilidade_nominal,67,,0.06474085966813964,0.05883551678660279,0.06728316141303342,0.05913495162468316,0.060583301609172316,0.06621339182119415,0.0669011242104641
180,drawdown_maximo_nominal,67,,-0.0655357263894858,-0.14774640698307506,-0.06553572638948559,-0.14774640698307487,-0.14774640698307476,-0.06553572638948568,-0.06553572638948564
180,tempo_recuperacao_nominal,67,0.0,2.0,2.0,10.0,2.0,2.0,10.0,10.0
180,ulcer_index_nominal,67,,1.2095881815750102,1.139893564010965,2.6513755173477698,1.1404770778613604,1.1885571167695899,2.5352949219465364,2.643083963426704
180,sharpe_nominal,67,,0.5867488518012213,0.3506083309195584,0.7202678120416414,0.40035617061678563,0.4961708421667075,0.6885634193085857,0.707737290292122
180,sortino_nominal,67,,0.8836566822073033,0.5526148204108111,1.5647886836953346,0.6321040657909636,0.7786587198891834,1.4313812866822877,1.4934012420358158
180,calmar_nominal,67,,1.9503179390709202,0.784465145347965,2.137300375875233,0.8101298751616212,0.8698894670505593,2.0791848129516954,2.104087359917455
180,pior_mes_nominal,67,,-0.0731842782636079,-0.0731842782636079,-0.0508160190576914,-0.0731842782636079,-0.0731842782636079,-0.0508160190576914,-0.0508160190576914
180,melhor_mes_nominal,67,,0.0705571412664368,0.0705571412664368,0.0705571412664368,0.0705571412664368,0.0705571412664368,0.0705571412664368,0.0705571412664368
180,var5_nominal,67,,-0.017209932221485497,-0.017741569057293762,-0.01656599467616508,-0.017741569057293762,-0.017340433458370205,-0.0168222432505194,-0.01656599467616508
180,cvar5_nominal,67,,-0.028750832544849544,-0.03185460976722052,-0.022542842479252367,-0.03185460976722052,-0.0313499488619123,-0.022542842479252367,-0.022542842479252367
180,skewness_nominal,67,,-0.41618227892916726,-0.5748622384149903,0.03828980946475626,-0.5462497939983005,-0.4793951847802285,0.006210521287559623,0.019835696313379225
180,curtose_nominal,67,,1.5924829917877323,0.32956893301988277,2.0304687788142104,0.5069366352688577,0.5497209143274484,1.8240208244286946,1.9429285531123774
180,cagr_real,67,,0.07178149401917966,0.05365846362591187,0.07832636372426682,0.0565805363114333,0.0632078517331921,0.07446042802661246,0.07622645511529003
180,volatilidade_real,67,,0.06672157580362569,0.06124096759142105,0.06918844897838962,0.061603504664845786,0.06269592542698973,0.06777478872377216,0.06877991052531955
180,drawdown_maximo_real,67,,-0.12300150202307525,-0.17084785563116747,-0.12300150202307461,-0.17084785563116706,-0.17084785563116686,-0.12300150202307508,-0.1230015020230749
180,tempo_recuperacao_real,67,0.0,20.0,17.0,20.0,17.0,17.0,20.0,20.0
180,ulcer_index_real,67,,3.394481093505055,3.3469203941619594,4.479472306958252,3.363654024837793,3.376868423644213,3.6907118450748917,4.228875921454579
180,sharpe_real,67,,0.542831329904094,0.3221639863711785,0.6585730462330059,0.3677857003422013,0.4558756446250035,0.6257837164253787,0.645075103489393
180,sortino_real,67,,0.8334097349858677,0.5169491710782934,1.3445563742345727,0.589667514102929,0.733651492846858,1.2411701640783237,1.286645779579451
180,calmar_real,67,,0.5335149727216834,0.31563944798791976,0.6367919288463061,0.3365605804408517,0.38876492890214537,0.5979594022155788,0.615401616605092
180,pior_mes_real,67,,-0.0773372360660121,-0.0773372360660121,-0.0514797480893852,-0.0773372360660121,-0.0773372360660121,-0.0514797480893852,-0.0514797480893852
180,melhor_mes_real,67,,0.0642582105176887,0.0642582105176887,0.0642582105176887,0.0642582105176887,0.0642582105176887,0.0642582105176887,0.0642582105176887
180,var5_real,67,,-0.022681616275209825,-0.023033031146551333,-0.02250214731768406,-0.023033031146551333,-0.022777273840199327,-0.02250214731768406,-0.02250214731768406
180,cvar5_real,67,,-0.03495435375123999,-0.038216082660169695,-0.028880433356302773,-0.038216082660169695,-0.03702933025337919,-0.028880433356302773,-0.028880433356302773
180,skewness_real,67,,-0.32770116784034714,-0.5342648714328462,0.08215237032801495,-0.4948248801458734,-0.3976107975081945,0.04854673394251721,0.06252097595718947
180,curtose_real,67,,1.1601421106204732,-0.005714300223836677,1.6876310037628537,0.14405866157416333,0.17749831917330394,1.3491487978359964,1.5639162639526
180,pct_meses_positivos,67,,0.7222222222222222,0.6888888888888889,0.75,0.6944444444444444,0.7111111111111111,0.7277777777777777,0.7444444444444445
180,pct_meses_negativos,67,,0.2777777777777778,0.25,0.3111111111111111,0.25555555555555554,0.2722222222222222,0.28888888888888886,0.3055555555555556
192,cagr_nominal,55,,0.12730856991984285,0.11518622561009884,0.13990789041399476,0.11769552105373293,0.12166056929515923,0.13586613773601863,0.13826505871317302
192,volatilidade_nominal,55,,0.06521673754391084,0.0586239906140545,0.06679252024329199,0.05942186189270726,0.05998927960178986,0.06593918791582712,0.06631850692640669
192,drawdown_maximo_nominal,55,,-0.14774640698307465,-0.14774640698307506,-0.06553572638948559,-0.1477464069830749,-0.1477464069830748,-0.06553572638948571,-0.06553572638948564
192,tempo_recuperacao_nominal,55,0.0,10.0,2.0,10.0,2.0,2.0,10.0,10.0
192,ulcer_index_nominal,55,,2.458281843477374,1.1114985347359818,2.5742569005797193,1.1553655112781838,1.1569567148238429,2.5657518788084386,2.5733518931719526
192,sharpe_nominal,55,,0.4904308617365751,0.3041868980529787,0.7460965018239705,0.3446755261738566,0.40544319583554733,0.6655874773360605,0.6977220249772332
192,sortino_nominal,55,,0.7473420834902699,0.48813974177426056,1.6436260617086107,0.5535367859814713,0.6411580935552839,1.4024668663765665,1.4911546696396165
192,calmar_nominal,55,,0.8767474239806271,0.7796211627893874,2.1348339008635895,0.7966049629025205,0.8234418134384549,2.0731613918269858,2.109766173818679
192,pior_mes_nominal,55,,-0.0731842782636079,-0.0731842782636079,-0.0508160190576914,-0.0731842782636079,-0.0731842782636079,-0.0508160190576914,-0.0508160190576914
192,melhor_mes_nominal,55,,0.0705571412664368,0.0705571412664368,0.0705571412664368,0.0705571412664368,0.0705571412664368,0.0705571412664368,0.0705571412664368
192,var5_nominal,55,,-0.017329170871861997,-0.017502025075892096,-0.015995977783050806,-0.017502025075892096,-0.017502025075892096,-0.01664809279048722,-0.01664809279048722
192,cvar5_nominal,55,,-0.030297361988908977,-0.03043796781557521,-0.021941229420011702,-0.03043796781557521,-0.03043796781557521,-0.02196820295415426,-0.02196820295415426
192,skewness_nominal,55,,-0.4294877591258282,-0.5433674859490976,0.025250516726618252,-0.4884587354189274,-0.4500286178454901,-0.009882441630255867,0.008041913076824453
192,curtose_nominal,55,,1.6352928479311775,0.35812172883958926,2.0356779714400695,0.4800013806990548,0.6032911933620635,1.7243800983305477,1.8393129969522437
192,cagr_real,55,,0.06633882753869513,0.053472464630209604,0.07787923617884829,0.055747763491527325,0.05996032183611022,0.07357673142652443,0.07639283692582577
192,volatilidade_real,55,,0.06687339171602055,0.06106812912529617,0.06867266949709079,0.06172873580224014,0.06218860302542891,0.06780540744170142,0.0681969512032587
192,drawdown_maximo_real,55,,-0.16674282982328797,-0.17084785563116747,-0.12300150202307461,-0.1708478556311671,-0.17084785563116694,-0.12300150202307511,-0.12300150202307494
192,tempo_recuperacao_real,55,0.0,17.0,17.0,20.0,17.0,17.0,20.0,20.0
192,ulcer_index_real,55,,3.625055578015883,3.265385236867795,4.551120242323944,3.280743910400529,3.2928295382777106,4.396629733074652,4.493459789235535
192,sharpe_real,55,,0.45281894965784475,0.2795261143024815,0.6815434631372264,0.3166213723500706,0.3726681973029762,0.6064609213562111,0.6348276168829511
192,sortino_real,55,,0.700626169840908,0.4528817764021922,1.4085294131397377,0.5136505396771835,0.5962488991049876,1.2215011148845396,1.2996040302393057
192,calmar_real,55,,0.4041093479871021,0.31768419763956024,0.6331567899409726,0.32630063330661707,0.35414420081499853,0.5981775036594381,0.6210723907379161
192,pior_mes_real,55,,-0.0773372360660121,-0.0773372360660121,-0.0514797480893852,-0.0773372360660121,-0.0773372360660121,-0.0514797480893852,-0.0514797480893852
192,melhor_mes_real,55,,0.0642582105176887,0.0642582105176887,0.0642582105176887,0.0642582105176887,0.0642582105176887,0.0642582105176887,0.0642582105176887
192,var5_real,55,,-0.022758926384270826,-0.022899894078545785,-0.022329912634664145,-0.022899894078545785,-0.022899894078545785,-0.022329912634664145,-0.022329912634664145
192,cvar5_real,55,,-0.036387943350454297,-0.03668870079353482,-0.028241711040894096,-0.03668870079353482,-0.03668870079353482,-0.028241711040894096,-0.028241711040894096
192,skewness_real,55,,-0.352119371951457,-0.4777823743001609,0.058657483766894336,-0.41268127307690267,-0.3766939358052881,0.02405076937762317,0.045718132173435955
192,curtose_real,55,,1.2255338054932983,0.0137174592915148,1.646052603107317,0.10622075975127983,0.19553342956557396,1.2929993440499055,1.3729047690378184
192,pct_meses_positivos,55,,0.71875,0.6875,0.75,0.6927083333333334,0.703125,0.7291666666666666,0.734375
192,pct_meses_negativos,55,,0.28125,0.25,0.3125,0.265625,0.2708333333333333,0.296875,0.3072916666666667
204,cagr_nominal,43,,0.12364654032986144,0.11917948948382429,0.14224138156494015,0.12057295011306142,0.1212892686123026,0.13058906380390578,0.13851561631198028
204,volatilidade_nominal,43,,0.0651948318081898,0.0586855072810773,0.06573033749214721,0.059165374353136235,0.06349443517553449,0.06552271203533933,0.0656159383660605
204,drawdown_maximo_nominal,43,,-0.14774640698307473,-0.14774640698307506,-0.06553572638948559,-0.14774640698307492,-0.14774640698307484,-0.07804685297034883,-0.06553572638948564
204,tempo_recuperacao_nominal,43,0.0,10.0,2.0,10.0,2.0,10.0,10.0,10.0
204,ulcer_index_nominal,43,,2.4973219588903,1.1237323829416634,2.499958023400792,1.1268124912014212,1.3650957519259146,2.4991006407968994,2.499958023400788
204,sharpe_nominal,43,,0.41270920083928747,0.35051369744987576,0.7610223564004142,0.3670642311698425,0.37903238798900846,0.5323692765667551,0.6948794322320984
204,sortino_nominal,43,,0.6578971805166305,0.5586692361902209,1.613573242888063,0.5847877058895645,0.6070966050597786,0.8630769047973339,1.5012199826264374
204,calmar_nominal,43,,0.8368835686408671,0.8066489867159807,2.170440298770549,0.8160804216841213,0.8209287189379638,1.6803094090564439,2.1135893953287015
204,pior_mes_nominal,43,,-0.0731842782636079,-0.0731842782636079,-0.0508160190576914,-0.0731842782636079,-0.0731842782636079,-0.0731842782636079,-0.0508160190576914
204,melhor_mes_nominal,43,,0.0705571412664368,0.0705571412664368,0.0705571412664368,0.0705571412664368,0.0705571412664368,0.0705571412664368,0.0705571412664368
204,var5_nominal,43,,-0.017344107048420834,-0.017344107048420834,-0.016381966222174364,-0.017344107048420834,-0.017344107048420834,-0.01675598692705746,-0.016381966222174364
204,cvar5_nominal,43,,-0.029248126024580233,-0.029248126024580233,-0.0214735219480353,-0.029248126024580233,-0.029248126024580233,-0.026624209800468226,-0.0214735219480353
204,skewness_nominal,43,,-0.43082944241568083,-0.4760870298248808,-0.01679002333354811,-0.46707960078887284,-0.45036349381145757,-0.40246331387584716,-0.026202445715655987
204,curtose_nominal,43,,1.6606090302890655,0.4009832958129067,1.9463078501572992,0.5335772483682393,1.620908910123101,1.70578131185602,1.7453407546727693
204,cagr_real,43,,0.062397176956838996,0.05806772877511457,0.08081717955029499,0.05957421410214962,0.06051862457399193,0.06949896188407834,0.07720535984670618
204,volatilidade_real,43,,0.06694847539957224,0.0610267418436624,0.06763765560071544,0.06147159176976506,0.06550096275246942,0.06742422536235014,0.06750301643832814
204,drawdown_maximo_real,43,,-0.16885979824936598,-0.17084785563116747,-0.12300150202307476,-0.17084785563116717,-0.170847855631167,-0.12300150202307517,-0.12300150202307504
204,tempo_recuperacao_real,43,0.0,17.0,17.0,20.0,17.0,17.0,20.0,20.0
204,ulcer_index_real,43,,4.353321458930753,3.1963789362214365,4.4656220903883925,3.2017183642075517,3.342992437728058,4.44728166103819,4.465601645137564
204,sharpe_real,43,,0.37899073944512335,0.32238462340201024,0.6934349614863711,0.33774949440280244,0.3487080332540115,0.4881716289187838,0.6333581593743564
204,sortino_real,43,,0.610745254933106,0.5178264600371234,1.407295312577738,0.5430359842859876,0.563135228133181,0.815751027750433,1.2979554959274435
204,calmar_real,43,,0.3710814035925188,0.3398797635509891,0.657042216729464,0.34869746466564233,0.35422525117694137,0.5650253105936895,0.6276781874762998
204,pior_mes_real,43,,-0.0773372360660121,-0.0773372360660121,-0.0514797480893852,-0.0773372360660121,-0.0773372360660121,-0.0773372360660121,-0.0514797480893852
204,melhor_mes_real,43,,0.0642582105176887,0.0642582105176887,0.0642582105176887,0.0642582105176887,0.0642582105176887,0.0642582105176887,0.0642582105176887
204,var5_real,43,,-0.022836236493331826,-0.022836236493331826,-0.02215261621062297,-0.022836236493331826,-0.022836236493331826,-0.022448674501974585,-0.0221924389573109
204,cvar5_real,43,,-0.03543202142905254,-0.03543202142905254,-0.02769212872208008,-0.03543202142905254,-0.03543202142905254,-0.032704940588632096,-0.027695453308392865
204,skewness_real,43,,-0.3527475091690129,-0.4169756428358136,0.013397010341090103,-0.40286372107882895,-0.3815352125848417,-0.32763573538579793,0.004259956403036688
204,curtose_real,43,,1.2354678473781409,0.02941137469011501,1.3836785915776204,0.13842385276417443,1.2068157862699054,1.2767955973640381,1.3051311094820783
204,pct_meses_positivos,43,,0.7058823529411765,0.7009803921568627,0.7401960784313726,0.7009803921568627,0.7034313725490196,0.7181372549019608,0.7352941176470589
204,pct_meses_negativos,43,,0.29411764705882354,0.25980392156862747,0.29901960784313725,0.2647058823529412,0.2818627450980392,0.2965686274509804,0.29901960784313725
216,cagr_nominal,31,,0.12413051977635048,0.12128995721151581,0.12999900776298734,0.12208133553925316,0.12312987230348615,0.12692390804155107,0.12828877574446973
216,volatilidade_nominal,31,,0.0645977901603123,0.06268728034734909,0.0648820726143023,0.0640917735615231,0.06439100557720562,0.06463877335467505,0.06470199118572635
216,drawdown_maximo_nominal,31,,-0.14774640698307479,-0.14774640698307506,-0.09124850249958637,-0.14774640698307492,-0.14774640698307487,-0.14774640698307473,-0.14774640698307465
216,tempo_recuperacao_nominal,31,0.0,10.0,10.0,10.0,10.0,10.0,10.0,10.0
216,ulcer_index_nominal,31,,2.429660169786095,1.4590572516557514,2.431651242936901,2.4193620012284733,2.425764140457985,2.4312315226653847,2.4313628202218434
216,sharpe_nominal,31,,0.40992826479336353,0.3724873514875475,0.48843702000968725,0.37787161951072107,0.38489035156563656,0.45166703359516835,0.4741287327730748
216,sortino_nominal,31,,0.6496810875563244,0.5965014348536435,0.7966871154695426,0.5991994235560814,0.6143369950829569,0.7150892491092264,0.7381863717728698
216,calmar_nominal,31,,0.8401593129135813,0.8209333796212734,1.4246700406242463,0.826289708373336,0.833386576484337,0.8596835611963507,0.8740115476890211
216,pior_mes_nominal,31,,-0.0731842782636079,-0.0731842782636079,-0.0731842782636079,-0.0731842782636079,-0.0731842782636079,-0.0731842782636079,-0.0731842782636079
216,melhor_mes_nominal,31,,0.0705571412664368,0.0705571412664368,0.0705571412664368,0.0705571412664368,0.0705571412664368,0.0705571412664368,0.0705571412664368
216,var5_nominal,31,,-0.017321702783582575,-0.017321702783582575,-0.0169254273395118,-0.017321702783582575,-0.017321702783582575,-0.017321702783582575,-0.017321702783582575
216,cvar5_nominal,31,,-0.029248126024580233,-0.029248126024580233,-0.02670527734796788,-0.029248126024580233,-0.029248126024580233,-0.029248126024580233,-0.029248126024580233
216,skewness_nominal,31,,-0.4308268535999726,-0.4877357216047738,-0.4104623041235516,-0.4793614068375309,-0.4501729350573155,-0.42154706654472945,-0.4166933147023862
216,curtose_nominal,31,,1.7003864435893616,1.6412469212950622,1.8686123904365992,1.6637901662849943,1.6853487837305683,1.7317234648265272,1.831049694522937
216,cagr_real,31,,0.0639735199058995,0.060200026352923874,0.06927009467061018,0.06128733378788098,0.0626963534807724,0.06621355198092227,0.0677005563011186
216,volatilidade_real,31,,0.06644952202207942,0.0647754918280193,0.06672487829211846,0.0662015638811742,0.06630502197801086,0.06653634396662285,0.06662287111808012
216,drawdown_maximo_real,31,,-0.1708478556311669,-0.17084785563116747,-0.12300150202307503,-0.17084785563116717,-0.17084785563116706,-0.16674282982328809,-0.16674282982328797
216,tempo_recuperacao_real,31,0.0,17.0,17.0,20.0,17.0,17.0,17.0,17.0
216,ulcer_index_real,31,,4.340160183312538,3.3546683556133967,4.353161824793246,4.238681416269123,4.251667028078808,4.341739051884735,4.352382999207016
216,sharpe_real,31,,0.37559565647408844,0.3419347939996348,0.4472873758146756,0.3465778990542156,0.35516531542943275,0.41519375614435716,0.4352921136704188
216,sortino_real,31,,0.6071446339695671,0.552603470877888,0.7460517216167819,0.5588240114921295,0.5714309760955796,0.6639286178424115,0.6929978042979036
216,calmar_real,31,,0.3773497756146383,0.3523604445049988,0.5631646242630037,0.3587246299432077,0.36774295448968797,0.3928988802966238,0.4102937134109049
216,pior_mes_real,31,,-0.0773372360660121,-0.0773372360660121,-0.0773372360660121,-0.0773372360660121,-0.0773372360660121,-0.0773372360660121,-0.0773372360660121
216,melhor_mes_real,31,,0.0642582105176887,0.0642582105176887,0.0642582105176887,0.0642582105176887,0.0642582105176887,0.0642582105176887,0.0642582105176887
216,var5_real,31,,-0.022720271329740326,-0.022720271329740326,-0.0225378957795563,-0.022720271329740326,-0.022720271329740326,-0.022720271329740326,-0.022720271329740326
216,cvar5_real,31,,-0.03543202142905254,-0.03543202142905254,-0.032738760368815165,-0.03543202142905254,-0.03543202142905254,-0.03543202142905254,-0.03543202142905254
216,skewness_real,31,,-0.3753523602851954,-0.4200384871437145,-0.342689214832719,-0.41141137935122435,-0.38972566175274315,-0.355452424199292,-0.34688120555425217
216,curtose_real,31,,1.279872800376574,1.2109093082340587,1.3621116952324623,1.234221161620387,1.2675737384831955,1.3201475667497666,1.3361878332190287
216,pct_meses_positivos,31,,0.7129629629629629,0.7037037037037037,0.7222222222222222,0.7037037037037037,0.7083333333333334,0.7175925925925926,0.7175925925925926
216,pct_meses_negativos,31,,0.28703703703703703,0.2777777777777778,0.2962962962962963,0.2824074074074074,0.2824074074074074,0.2916666666666667,0.2962962962962963
