Data,ret_vwra11,ret_divo11,ret_b5p211,ret_cdib11,ret_gold11,ret_carteira_nominal,ret_ipca,ret_carteira_real
2006-01-01,-0.006532152685454151,0.12130428515527103,0.029633348773183688,0.014175085855233215,0.020484899828967507,0.035887550018901475,0.005900449633194027,0.02981120089631384
2006-02-01,-0.03737156679650533,0.0510677213068953,0.031088920111247642,0.011275085855233215,-0.02805305047315454,0.010598744036030453,0.00410138176571162,0.006470822955041866
2006-03-01,0.039071995769414336,0.027902088914586454,0.003732626046078158,0.014075085855233215,0.02047793250007124,0.020522717849938078,0.004299404097125148,0.016153861773320344
2006-04-01,-0.007061979049171274,0.045862946512217784,0.006808575315902399,0.010675085855233215,0.054447063579603494,0.013033533185794971,0.002099672217837245,0.01091095154612609
2006-05-01,0.05822188355580882,-0.09642832319776284,-0.01775101561461645,0.012675085855233215,0.21604850534296882,0.0025166737412535972,0.001001074797359891,0.001514083233327801
2006-06-01,-0.05895787227608418,0.02004350618808237,0.019211454692484864,0.011675085855233214,-0.16980438478722826,-0.013900543514814585,-0.002100929913443239,-0.01182445595459658
2006-07-01,0.01327459719798152,0.002762061224566903,0.023617073099891694,0.011575085855233215,0.06913566560282192,0.01801715821716727,0.0018994790999034006,0.016087121965313145
2006-08-01,0.008274566097375313,-0.02096325178005487,0.01881646036119,0.012375085855233215,-0.019216174038028333,0.005474249208537865,0.000500139573834435,0.004971623129230274
2006-09-01,0.02881699632034196,0.004487694937747255,0.00662844675021379,0.010375085855233215,-0.04012399550515244,0.010706571101241593,0.00210031117156273,0.008588221991087108
2006-10-01,0.022002717756385293,0.05730753883651274,0.02675166952854746,0.010775085855233214,-0.03460797308248231,0.027571346544274667,0.0032985433044985246,0.024193001576410467
2006-11-01,0.039714829894428316,0.053486688269995586,0.016567408543035622,0.010075085855233215,0.08310495029161946,0.0338977518468845,0.003098839091623784,0.03070376672268038
2006-12-01,0.009120143362307376,0.06486275280707776,0.02444994342919604,0.009675085855233214,-0.010627794298453397,0.025440935519625178,0.0047991208656092965,0.02054322523315255
2007-01-01,0.002879691246278293,-0.003548478452215509,0.014388825781008974,0.010675085855233215,-0.005119435544320261,0.006187524511389624,0.004401445479053745,0.001778252152438986
2007-02-01,-0.009047849091205373,0.02438165998078312,0.010557204407467102,0.008575085855233214,0.05018365141743919,0.009322795895415473,0.004401193957114913,0.004900035929776614
2007-03-01,-0.01280360751021592,0.07223337017759257,0.013749347843179605,0.010375085855233215,-0.0470502501178921,0.014271572706592638,0.003699604263642353,0.010533000509357127
2007-04-01,0.036512996783251594,0.06745256431409796,0.02344430793505059,0.009275085855233215,0.027822131819423612,0.035676995955548144,0.002500113298185669,0.033094143548983546
2007-05-01,-0.0225777405713532,0.09009151664384318,0.014191615075204167,0.010075085855233215,-0.06887935355223995,0.013981413802594007,0.002799020531173424,0.011151180887170486
2007-06-01,-0.0041727682770079655,0.0502311444904846,0.011296047404340204,0.008875085855233214,-0.01834276589072048,0.01283943337495625,0.0027987212285822682,0.010012689419939047
2007-07-01,-0.03999688196999851,0.007833164383636682,0.0021034175158070045,0.009575085855233215,-0.01234206080615341,-0.009729413455495425,0.0024013066704626773,-0.012101660328288077
2007-08-01,0.04184202347191679,0.024446446487145446,0.005681632509325185,0.009775085855233215,0.0444963984149529,0.022428123556243507,0.004701415282963195,0.01764375764145587
2007-09-01,-0.012941311471533878,0.04611976129065454,0.013330971832492988,0.007875085855233215,0.004408393900938945,0.011288121537476546,0.001800347422415971,0.009470723522378544
2007-10-01,-0.013730777977375985,0.018548632784727515,0.0009216764007975442,0.009075085855233214,0.003761584343857427,0.0006009972340062574,0.003000137382528578,-0.002391963928123908
2007-11-01,-0.020508043890789862,-0.017833692051441696,0.007106750806591844,0.008275085855233214,0.09138850389682518,-0.0018932717672856397,0.0037981853114623654,-0.005669921665560684
2007-12-01,-0.018932793580557994,-0.017951737971802495,0.0058412245026131515,0.008275085855233214,-0.01112492199701054,-0.007076187674571502,0.007401670631188795,-0.01437148530505139
2008-01-01,-0.08764669444470718,-0.00901328423063874,0.013477853106456772,0.009075085855233214,0.1009838809732988,-0.017202575595530595,0.005399726169818653,-0.02248091100189098
2008-02-01,-0.0419315691640848,0.07888556819747228,0.014394995410935252,0.007875085855233215,-0.009854620611775222,0.008856664316816016,0.004901014794073566,0.003936357377003041
2008-03-01,0.023626494676944887,-0.01449954946709131,-0.007719298077770609,0.008275085855233214,0.09047742788409852,0.006037944965523547,0.004801020352702912,0.001231014487212967
2008-04-01,0.01799844567133224,0.14527698768783592,0.017714738517697004,0.008875085855233214,-0.0936755184671737,0.037300805015448635,0.005499300416865083,0.031627575061861535
2008-05-01,-0.020025469987351885,0.09203685217852153,0.005058030352894427,0.008575085855233214,-0.05703393726015216,0.011999999010410569,0.007900786492273326,0.004067079392212181
2008-06-01,-0.10596517580673726,-0.07971281200456515,0.007886603759132083,0.009375085855233214,-0.023499675388990116,-0.04528370311596921,0.00740118703653625,-0.05229782417418838
2008-07-01,-0.039417284315537815,-0.06315339737440662,0.01059968637699038,0.010475085855233214,0.040080913504345395,-0.017688190250767583,0.005298181664052937,-0.022865227784229725
2008-08-01,0.019965052514748116,-0.0804354418056562,0.009923692970195797,0.009975085855233214,-0.06927252865611133,-0.009092967558672397,0.002800264215645054,-0.011860020583081776
2008-09-01,0.026973333594976445,-0.12960376340294366,-0.00280777187815473,0.010875085855233214,0.15830058652741497,-0.010493077734225283,0.0025997414273351005,-0.013058869477585278
2008-10-01,-0.11553294464447217,-0.2022927295295428,-0.005854967452255777,0.011575085855233215,0.07394767447565864,-0.07318427826360792,0.0045010571193933036,-0.07733723606601217
2008-11-01,0.030829044328996247,0.04634654718941866,0.02262259294768665,0.009875085855233215,0.03965676843676791,0.03004365263025732,0.003600713880665074,0.02634806689937874
2008-12-01,0.03883473377816604,-0.003845419300665287,0.0436660867614298,0.010975085855233215,0.07359258333386376,0.032576154437343526,0.0028009068282504046,0.0296920828514895
2009-01-01,-0.09567451339757194,0.003866004833704917,0.027509337627296793,0.010275085855233214,0.04284979606386252,-0.014269173905657092,0.004798019952572785,-0.018976145931427935
2009-02-01,-0.07322009122774276,-0.006633546434526183,0.01565015440644446,0.008375085855233215,0.12680491300700658,-0.010273674949538285,0.005501008002091856,-0.01568838104197834
2009-03-01,0.05539054134999022,0.07289382179320203,0.01563681445386611,0.009575085855233215,-0.04666807769163961,0.03559600295336359,0.0019981318835473605,0.033530871965458786
2009-04-01,0.053739497160923744,0.09033821481360249,0.00576027197028095,0.008275085855233214,-0.09424513362616327,0.0321950985105635,0.00480097795169665,0.0272632303908682
2009-05-01,-0.0031303173030170495,0.08408160434435441,0.021387969487863145,0.007575085855233215,-0.055067450271946816,0.022057795252275348,0.004699877320628154,0.017276719469637047
2009-06-01,-0.016486605550695033,-0.02594670425676837,0.004130171801077109,0.007375085855233214,0.006776094501893759,-0.007775694778274992,0.0035988986828843217,-0.011333804247979251
2009-07-01,0.04431057561110485,0.05989358875945805,0.013556482457425023,0.007675085855233214,-0.05314126572278066,0.0284211744248157,0.0023996494894003018,0.025959231877894506
2009-08-01,0.04422167183416881,0.03035201523299902,0.0065374576479342306,0.006775085855233214,0.023077179511299395,0.02344450092435077,0.0014995528239336586,0.021912089764332565
2009-09-01,-0.014575007410190799,0.07352775421267355,0.006313692037182017,0.006775085855233214,-0.010234557252776,0.012685551864473137,0.0024003921199995393,0.010260530448038985
2009-10-01,-0.034895015885471614,-0.005405952344787135,0.004978465494626105,0.006775085855233214,0.025593014953051885,-0.007939903996334215,0.002799891487459183,-0.01070980918023734
2009-11-01,0.04431124707414558,0.05554923423355307,0.007258293826843287,0.006475085855233214,0.08409222785612402,0.031834904185259465,0.004101276138120724,0.027620349367351915
2009-12-01,0.014479490100770986,0.020559602080303607,0.00987532484077902,0.007075085855233214,0.0012718012364381082,0.01282324173718719,0.0036986898256095024,0.009090927390931425
2010-01-01,0.03008594369220674,-0.03031575980720258,0.011878153509128797,0.006475085855233214,0.060162456577913304,0.01104576967153035,0.007499362073707605,0.0035200097700540667
2010-02-01,-0.02313449433101411,0.004531073753591741,0.012263804319635696,0.005775085855233214,-0.054390652809000906,-0.0035593901684199906,0.007798777720033456,-0.011270273530346264
2010-03-01,0.04710686847380785,0.066932997782434,0.01408595466411744,0.007475085855233214,-0.0008805906295951127,0.033482766725558034,0.005199204942671676,0.028137270347820653
2010-04-01,-0.02715394262582793,-0.020811668061589073,0.0015496509273063008,0.006475085855233214,0.0026440907864431207,-0.011232697197059856,0.005701557863019735,-0.01683825079883805
2010-05-01,-0.051200012109536064,-0.049483474073827804,0.007670651927074168,0.007375085855233214,0.10046472311527443,-0.01679644722827133,0.004300353197176809,-0.021006465205639646
2010-06-01,-0.037842796439343185,-0.0009553946941538438,0.009180410431680608,0.007775085855233215,0.014197744615566776,-0.00677311217442148,0.0,-0.006773112174421447
2010-07-01,0.054434625939242975,0.08023635623512426,0.013326541929384428,0.008475085855233214,-0.05671840411921947,0.0352961098873522,9.965474453044187e-05,0.03519294799857953
2010-08-01,-0.03615923513005159,-0.026266498833761198,0.009727473727471736,0.008775085855233214,0.01810897721432725,-0.010865877661301001,0.0003985792578067304,-0.011259968929049013
2010-09-01,0.057811166307934814,0.058813022877771015,0.0071406574984043125,0.008275085855233214,0.007954294568145226,0.03277368648846529,0.00449829546732472,0.028148769538713925
2010-10-01,0.03942616190761794,0.031224611563697602,0.016058564453403257,0.007975085855233214,0.05987707600429237,0.027888804759362482,0.007500903626982636,0.020236112006434714
2010-11-01,-0.015812545892028296,-0.019436030854303232,0.004693650189908416,0.007975085855233214,0.02921497783513094,-0.0048940066779875595,0.008299097703302616,-0.013084514715267836
2010-12-01,0.042489546156278646,0.014872531475572881,0.013681089508420063,0.009175085855233214,-0.014682339790316967,0.020918443248612008,0.006300615892288031,0.014526302702659422
2011-01-01,0.01916596973515805,-0.026079810817308258,0.007734948449845014,0.008475085855233214,-0.018532952241460787,0.00312491481771239,0.008301286965446408,-0.005133755371187432
2011-02-01,0.020278529317153238,0.006508103169190482,0.007658688342375042,0.008275085855233214,0.0031811660641167805,0.011021467361901585,0.00800019860849921,0.0029972898393999525
2011-03-01,-0.020072615297801133,0.05380390299371185,0.01767746940235404,0.009075085855233214,0.014178434155083242,0.01297265977085947,0.00789975986700342,0.005033139311914736
2011-04-01,0.005088297854626944,-0.01416128989933474,0.007154775003969771,0.008275085855233214,0.004866530381215206,0.002213222189931465,0.007700390364890453,-0.005445237718893936
2011-05-01,-0.018278799568330673,0.007358541522448192,0.008849259777115037,0.009775085855233215,0.02542108469523474,0.0012875808723598501,0.004701324918840788,-0.0033977700255911625
2011-06-01,-0.02742583431999157,-0.0012682265336114718,0.006410027009487562,0.009375085855233214,-0.0019301638658646425,-0.00554513869945631,0.0014994358259570184,-0.007034027452650027
2011-07-01,-0.020231145614152513,-0.03616074425303628,0.012431501716994031,0.009575085855233215,0.025138355855215844,-0.006593219762532946,0.0015996144055669959,-0.008179749722609708
2011-08-01,-0.05540277924829595,0.03272556919813785,0.03888649573946523,0.010575085855233214,0.13998556670972095,0.013006910989172588,0.0036994038846747124,0.009273201785788165
2011-09-01,0.05663353922925496,-0.019570498592093033,0.016480140428617895,0.009275085855233215,0.1765932732769766,0.028961436178415532,0.005300914550096403,0.023535760572652054
2011-10-01,0.007934170494640291,0.055605552667981284,0.0066503667270654265,0.008675085855233215,-0.14439003752576862,0.009375760789287743,0.004301235524688307,0.005052792016080998
2011-11-01,0.0387970899824035,0.018481402077047404,0.013949953394328585,0.008475085855233214,0.11904187063249583,0.027291236592248417,0.0051999240193749685,0.021977033667630597
2011-12-01,0.03262568905375263,0.0551989536638573,0.0012334102844644423,0.008875085855233214,-0.023591691750662447,0.020585031267911558,0.004998818944136119,0.015508687204379479
2012-01-01,-0.017716712137803348,0.05252859710131186,0.018368954538397597,0.008775085855233214,-0.06540851175842521,0.009706616299120807,0.00559973910974132,0.004084007811115065
2012-02-01,0.03192214643606617,0.07614166912014642,0.014464052765950308,0.007275085855233215,0.03639939739569242,0.03277432302377554,0.004499253532936676,0.028148422601004697
2012-03-01,0.07180752487905173,0.021103306837064295,0.01107261203567833,0.007975085855233214,0.023449373293747966,0.03176318660284877,0.002099942120708853,0.029601083919199356
2012-04-01,0.025798569910492564,0.013444157917094746,0.016948040623749883,0.0068750858552332145,0.021065173700002493,0.018604631783828457,0.0063998188894791586,0.012127201004285437
2012-05-01,-0.02740882969493552,-0.07885245176005518,0.00681760962720368,0.007175085855233214,0.029633604231166677,-0.01942566090529023,0.003599176342337085,-0.022942263993821044
2012-06-01,0.04858097641033332,0.04590517424347551,0.007723000901828758,0.006275085855233215,0.005321756554231394,0.027424370252999836,0.0007988643482357283,0.02660425271575817
2012-07-01,0.027929940489598737,0.012759416302910997,0.016520713335405723,0.006675085855233214,0.010557868922074443,0.018400798480489495,0.004301235815684201,0.014039176854496072
2012-08-01,0.014774799304058783,-0.04638930207746583,0.006147431029493999,0.006775085855233214,0.01572414067423078,-0.0012614868860047327,0.004099837035766329,-0.005339433116131498
2012-09-01,0.02825569809752526,0.006163746120362745,0.016380628948860387,0.005275085855233215,0.06660905038963971,0.019855917045117927,0.005700390656142806,0.014075291727529082
2012-10-01,-0.005879743903022483,0.008388489333390092,0.017929854159561165,0.005975085855233215,0.0010669085897854202,0.007437816081846672,0.005900239520280071,0.0015285577049866106
2012-11-01,0.050305667427511525,0.01548605153984095,0.009931963809187705,0.005275085855233215,0.02210412369346204,0.02353065653733149,0.006000731796560466,0.01742535982997273
2012-12-01,-0.007708302806103462,0.07599299699556394,0.013703038102850451,0.005175085855233214,-0.051639068233097274,0.016044124679528732,0.007901024559204606,0.008079265644050038
2013-01-01,0.01731635221782346,-0.01897886357770473,0.0021522610086524008,0.005775085855233214,-0.03500084316534935,0.000798749487761246,0.00859967910816506,-0.007734416123651333
2013-02-01,-0.007511096197858946,-0.008559074654010512,-0.005207153100473816,0.004675085855233214,-0.033059693346842445,-0.007467235404929775,0.005999823858382047,-0.013386741174228667
2013-03-01,0.03680112497777599,-0.010428599283446971,0.00641317233208194,0.005275085855233215,-0.002996082050565785,0.011633836759709549,0.004700101771703213,0.006901298184183835
2013-04-01,0.02238111071846416,-0.0009934998853490251,0.009035746623566654,0.0058750858552332145,-0.07200130514063419,0.006823620923626055,0.0055004601870156655,0.0013159225569765454
2013-05-01,0.06200584503121975,-0.025128845155103052,-0.012060045068218672,0.005675085855233214,0.011671035292371679,0.009619272508438092,0.0036992704367089235,0.005898183097366783
2013-06-01,0.008585420264944688,-0.07306874185460255,-0.006499921119165197,0.005775085855233214,-0.013432355766557436,-0.015020954234669395,0.0026009907508337538,-0.017576229375463104
2013-07-01,0.08249631130716639,0.022237453112192274,0.008561713117110514,0.006975085855233215,-0.010622801547650162,0.03243868347681173,0.00029871471936959715,0.03213037094270277
2013-08-01,0.013942041956337414,0.012337816841799354,-0.004568060725663736,0.0068750858552332145,0.0885905165240668,0.009596231783960602,0.0023997654040994743,0.007179237893137458
2013-09-01,-0.011614879644871401,0.060931167314770995,0.01194076627490781,0.0068750858552332145,-0.06263780652047868,0.010689940046193632,0.003499778579959534,0.0071650852543374555
2013-10-01,0.026911140395442734,0.05850421373005599,0.004692443772132293,0.007875085855233215,-0.03619379926343269,0.02023522670308696,0.005699400105376062,0.014453450599839046
2013-11-01,0.0699314670464819,-0.03528666487218646,-0.00022374951176296065,0.006975085855233215,0.022206246395622298,0.015291673947344868,0.005401164800680869,0.00983737585844624
2013-12-01,0.02446024032004801,-0.02187066261546622,0.011532834170806305,0.007675085855233214,-0.035500589990011155,0.006185798034504784,0.009199573613781764,-0.0029863028662260316
2014-01-01,-0.006049804756919075,-0.07296966924962267,-0.008067928251070167,0.008275085855233214,0.053911607956417695,-0.016526711886845777,0.0054987825622019315,-0.02190504337849375
2014-02-01,0.006671985280485737,-0.02240974295630138,0.028501128438913614,0.007675085855233214,0.004476973632745906,0.009527701342849847,0.006899751588089753,0.0026099418046485745
2014-03-01,-0.025387131387788253,0.07072493792814738,0.008832128124578453,0.007475085855233214,-0.0037527634672515076,0.010247815538523468,0.00920048461753531,0.0010377828161518554
2014-04-01,-0.003165251395295665,0.02160399256670842,0.012996589204002262,0.008075085855233215,-0.040511659835400504,0.006948030077345527,0.0067002190653553395,0.00024616167484325935
2014-05-01,0.022590800423326174,-0.029038265676522013,0.014512935388578896,0.008475085855233214,-0.0060747714658324625,0.006894776866595046,0.00459931201426933,0.002284955628451657
2014-06-01,0.0021889495002420656,0.045381628410042785,0.010926780809537018,0.008075085855233215,-0.024411502255763717,0.013286902035869458,0.003999949271410674,0.009249953420015888
2014-07-01,0.016706483437990194,0.05895154291316129,0.008397938777817249,0.009275085855233215,0.05475776741180649,0.023363071788508202,0.00010105297196782992,0.02325966835792581
2014-08-01,0.009096420818449635,0.0777774307165946,0.013361061000056518,0.008475085855233214,-0.024792497270429092,0.022812966218116622,0.0025008083420903215,0.020261487778367115
2014-09-01,0.058826790459897804,-0.12988193495310607,-0.00013327765622572763,0.008875085855233214,0.04492702036402996,-0.005691555604179006,0.005699714258356803,-0.01132671084721959
2014-10-01,0.003607648890411319,-0.05662582200640842,0.00920593135075598,0.009275085855233215,-0.0153412816042503,-0.006863806981306751,0.004199196239765168,-0.011016741760496718
2014-11-01,0.06451180945359747,-0.02857834956189287,0.010301446584438434,0.008275085855233214,0.006670487667962854,0.01850573023363584,0.005099800399201548,0.01333790915997568
2014-12-01,0.017262202082353628,-0.10918659180473711,0.0002432688114855086,0.009475085855233214,0.060031105656090045,-0.01308604063608097,0.007799545233390548,-0.02072394849576431
2015-01-01,-0.013027027259013613,-0.11219264095239767,0.020371494155729586,0.009175085855233214,0.04355087248186629,-0.015561740789036807,0.012399442345302436,-0.02761872632956508
2015-02-01,0.14042471537652657,0.1010589830176245,0.01204345543236518,0.008075085855233215,0.059935871684925424,0.07055714126643688,0.012198919760595617,0.05765489407916391
2015-03-01,0.09714543006979248,-0.04180734645701101,0.010127720666593731,0.010275085855233214,0.07049511413955534,0.028871757995912455,0.01320084416177525,0.015466739812185715
2015-04-01,-0.039989287950049746,0.11785453313018723,0.004430577948920877,0.009375085855233214,-0.05148958929623815,0.011240626248540627,0.007100392383862397,0.004111043840304918
2015-05-01,0.06069656542853252,-0.06979541287313662,0.01614683536812489,0.009675085855233214,0.06137053981165885,0.014260902484526989,0.007398962119481212,0.006811542023637651
2015-06-01,-0.047323820711367204,-0.025440119051794108,0.008302879512101624,0.010575085855233214,-0.03828888376927553,-0.01734970811463045,0.007901136416779586,-0.025052898165369708
2015-07-01,0.102729106684329,-0.035221398480750454,0.01764246408356529,0.011675085855233214,0.04352235933084825,0.03359131020187879,0.0061989750347415384,0.02722357689361732
2015-08-01,0.0010268041076098022,-0.11092236778434572,-0.004853185817237149,0.010975085855233215,0.06446889525709709,-0.020045507595864546,0.002199621406881569,-0.02219630553393992
2015-09-01,0.049535234985631726,-0.062452358114301276,0.007728056375595926,0.010975085855233215,0.09578543445588994,0.010799347438623791,0.005399560581137219,0.005370786967885177
2015-10-01,0.046775225967478296,0.06394782463578208,0.02472176727673525,0.010975085855233215,0.0001816359078843366,0.03726867571624988,0.008198859527884794,0.028833415068509227
2015-11-01,-0.010705739886914367,-0.07628381080847257,0.0052849890453712245,0.010475085855233214,-0.06547486002522418,-0.019104477218119885,0.01009997843824828,-0.028912440629414005
2015-12-01,-0.004014893603703329,-0.03791898188680842,0.021035165108205023,0.011475085855233214,0.0042925222515306505,0.0004141819901475188,0.009599029311642804,-0.00909751996072894
2016-01-01,-0.027764041666022088,-0.0959065488898454,0.02954238216111138,0.010375085855233215,0.05604158193578912,-0.01237273602378004,0.012699274676898353,-0.024757607048427777
2016-02-01,-0.02309593310102076,0.08143382828252954,0.0152158032459766,0.009875085855233215,0.07533492472107772,0.01970480755340587,0.008999545077941207,0.01060977928849094
2016-03-01,-0.039150286782477894,0.20495066305201015,0.007416639619581389,0.011475085855233214,-0.0726687246083706,0.029152020485834346,0.004299548264280695,0.024746075276550705
2016-04-01,-0.016471062609142995,0.12360688875510362,0.01523283468847536,0.010375085855233215,-0.03318987376712501,0.024732453448073382,0.00610073477744133,0.01851874074493498
2016-05-01,0.04278791454393205,-0.1187455786583208,0.007819316496975981,0.010975085855233215,0.05728761991685971,-0.004371879481089507,0.007799010573285248,-0.012076703714415604
2016-06-01,-0.11315831194746373,0.07644043119715405,0.009214777398258267,0.011475085855233214,-0.09704506285053038,-0.01925199523526986,0.0034992930829071955,-0.022671952511577276
2016-07-01,0.052258210369008795,0.12678961953456103,0.011901983282518236,0.010975085855233215,0.056865695836173735,0.04918821941519249,0.005200795465929442,0.04375983798229499
2016-08-01,0.003053023959794343,0.01819024727524421,0.010771593393850365,0.011975085855233214,0.0021723994591635876,0.009569968266247132,0.004399924512138442,0.005147395602025595
2016-09-01,0.007392663502739705,-0.002977820280491872,0.013927797062192271,0.010975085855233215,-0.008371767754351556,0.007323519724644529,0.0008001283583223273,0.006518175988869057
2016-10-01,-0.03652154343962488,0.14813314842579128,0.004426896439285066,0.010375085855233215,-0.06483954384644097,0.017717702329424434,0.0026009749964666096,0.015077511103568364
2016-11-01,0.07552451994845577,-0.022339013120267315,0.0038078711141171784,0.010275085855233214,0.04287402455053191,0.022370157326418394,0.0018010208590197863,0.020532157623238456
2016-12-01,-0.01931543199349739,-0.009394400755356691,0.013780269198011785,0.011075085855233214,-0.1037679822140487,-0.006796046887856615,0.0029991053089204467,-0.009765863344175396
2017-01-01,-0.015066182988073162,0.08549001158841762,0.011397533849835328,0.010675085855233215,-0.011989606244922513,0.017071434941711247,0.0038004899805266223,0.013220699823967896
2017-02-01,0.018962064639786114,0.06948382563654754,0.014754637399703618,0.008475085855233214,0.02558892276974878,0.02719043991037589,0.0033000615371778785,0.023811797974571114
2017-03-01,0.03432906502277233,-0.0190281374253658,0.013742813593989212,0.010375085855233215,0.019340579033550798,0.013476000703793426,0.00249913195707796,0.010949504490129991
2017-04-01,0.024776638045235444,0.008960415012645884,0.006931766721318233,0.007775085855233215,0.03851800212730394,0.01431243550375396,0.0013999240930047119,0.012894460145325581
2017-05-01,0.03588225893037267,-0.05755597525847189,0.0006763683236443718,0.009175085855233214,-0.0031171554804604318,-0.0001730735243861919,0.003100380247036405,-0.0032633361883648293
2017-06-01,0.023624322748174276,-0.01251876513093253,0.005079626845465146,0.007975085855233214,0.03087403482255824,0.008557850570341407,-0.002300032415178399,0.010882914040584835
2017-07-01,-0.02821843784318223,0.04767125265725114,0.028297359159734636,0.007875085855233215,-0.07141243390746577,0.009210795439777786,0.0024005281161854075,0.006793958235826958
2017-08-01,0.00882242491579266,0.06918297959789,0.012379627389924375,0.007875085855233215,0.042147265820963176,0.023936291934095365,0.0018993077848910023,0.021995208478510664
2017-09-01,0.025703075073279402,0.0608142084066674,0.009899787461251863,0.006275085855233215,0.03049114951093057,0.02567199095612624,0.0015989878571709415,0.02403457210999904
2017-10-01,0.05564720020049685,0.0024838567327152283,0.004672854528461334,0.006275085855233215,0.007142929672974363,0.019730973994487012,0.004200928647988045,0.015465077658719073
2017-11-01,0.014402526134378979,-0.06708863532983289,0.0008609101342786918,0.0055750858552332146,-0.003588462308417917,-0.008653273994600644,0.0028005121638925434,-0.011421799270702082
2017-12-01,0.031051991220831576,0.04903187514256557,0.008670530106568819,0.005275085855233215,-0.0004853408429004169,0.02282967168800675,0.0044004804981490064,0.018348449196995187
2018-01-01,0.009114158794722327,0.09838982720441458,0.013169159353578319,0.005675085855233214,0.006176599680876249,0.028272461097536415,0.0029004609007294846,0.025298622531312542
2018-02-01,-0.01706300415243045,-0.006508029276094396,0.005225050491097116,0.004475085855233214,0.025618968425226374,-0.002825784190486187,0.003200343965992669,-0.006006903997516133
2018-03-01,0.00168927832686383,0.010116683974311202,0.016035418759172027,0.005175085855233214,0.01922829355941369,0.010164456767322545,0.0008996259981803867,0.009256503378050951
2018-04-01,0.0569975126546709,-0.01459884950885304,0.004048452685963211,0.005075085855233214,0.054764538233068594,0.018790846173431037,0.0021995778587948767,0.01655485462295192
2018-05-01,0.07348264032256746,-0.10568326827754326,-0.015739852243394026,0.005075085855233214,0.04731774686950585,-0.002768160819859072,0.004000532060687068,-0.00674172240392501
2018-06-01,0.02513460685975466,-0.043688099026204186,0.004330184078238597,0.005075085855233214,0.01469245953381848,0.0015232131534335838,0.012600141718974944,-0.010939094425502893
2018-07-01,0.0028695174667683343,0.07229228503925045,0.014598394373297907,0.005275085855233215,-0.060069304678570745,0.018418959056032875,0.0033006506147337245,0.015068572348713172
2018-08-01,0.10866153043146354,-0.037439733015061094,-0.002722971662506901,0.0055750858552332146,0.068824480428058,0.027741302175588643,-0.0008990122720112792,0.028666085610353997
2018-09-01,-0.027618718075810067,0.001309853431361807,0.008688042944462682,0.0045750858552332145,-0.035475608868150155,-0.006093453709331432,0.0047997057287958445,-0.010841125227267434
2018-10-01,-0.14137619689919945,0.11396108005679495,0.03081836456095921,0.005275085855233215,-0.058788946525251795,-0.009968990267518088,0.0044992648838870775,-0.01440345021365208
2018-11-01,0.05394875353150996,0.07233716865370221,0.0012614628254150606,0.004775085855233214,0.04382826267488271,0.03358681234686525,-0.002100441053433766,0.03576237015073169
2018-12-01,-0.06774362243495058,0.006068600870251073,0.013464259803843248,0.004775085855233214,0.026325163668385443,-0.012168650158716727,0.0015001070102511616,-0.0136482832835364
2019-01-01,0.015395089758382108,0.12441750341803015,0.01522954145794686,0.005275085855233215,-0.026341380103070744,0.034540529481907535,0.003199617300675861,0.03124095308724395
2019-02-01,0.050129357458357005,-0.020710678101412583,0.00529605807259359,0.004775085855233214,0.04542964638509139,0.015525331458278252,0.004299452992321484,0.011177819954505619
2019-03-01,0.0550943923884768,-0.01828102546974586,0.007678167901053801,0.0045750858552332145,0.026846328661969787,0.017514450508875536,0.007499615678750349,0.009940286501626261
2019-04-01,0.04617181257570224,0.030519120256886856,0.01088944722699603,0.005075085855233214,0.0003268360078945154,0.02458124280804284,0.0056996950247900635,0.018774538638780536
2019-05-01,-0.060498520332773476,0.030989748939149075,0.013687628404723817,0.005275085855233215,-0.00319328158381349,-0.006372464736541713,0.0013001778382095708,-0.0076626797283871895
2019-06-01,0.034914344575586176,0.03070701862637959,0.016993184567687836,0.0045750858552332145,0.02879158787869396,0.025081314611723263,9.973627427473097e-05,0.024979087016374635
2019-07-01,-0.015351625234548472,0.02723331453013378,0.00957408052632136,0.0055750858552332146,0.0209989461242166,0.005999509145163249,0.0019005536729015393,0.004091179965152403
2019-08-01,0.07299425790268343,0.021861078700263104,0.0003313032088043677,0.0048750858552332145,0.16645638526576345,0.03496958795042923,0.0011006512026767723,0.033831699846627705
2019-09-01,0.027849363347508316,0.018499457386289553,0.017227816331678136,0.004475085855233214,0.013164684281032901,0.019827815520994968,-0.0003996229395040185,0.020235525040498192
2019-10-01,-0.012077433511133662,0.014776978256867856,0.016353862180524814,0.004675085855233214,-0.04915360340652619,0.0036497845926787495,0.0010004131725529497,0.0026467236029694696
2019-11-01,0.07995251079923515,0.023091611794280098,-0.0029879195216208077,0.0036750858552332144,0.0375178934028253,0.029468556752881167,0.00510025663711744,0.024244646198077424
2019-12-01,-0.012081506697556699,0.0994371383117072,0.012185301142697114,0.0035750858552332145,-0.04105301083521673,0.019263199861154105,0.01150052473877139,0.007674415319149253
2020-01-01,0.046702551838627704,-0.016245563666025364,0.005398414531387008,0.0036750858552332144,0.11750843392368227,0.018980194619883813,0.002099525398242541,0.016845302082078906
2020-02-01,-0.031963184410835455,-0.06217412472133088,0.0062535359348996344,0.002775085855233214,0.0775172435766538,-0.015507749421962612,0.0025002719725701894,-0.01796310873721696
2020-03-01,-0.001073055987146243,-0.25574195705523806,-0.017714837653770577,0.003275085855233214,0.15152939836493284,-0.05081601905769142,0.0006997520931755208,-0.05147974808938527
2020-04-01,0.15448716931590156,0.03718610307862047,0.004715190755071541,0.0026750858552332143,0.10311743070707724,0.06095907354063871,-0.003099940356997899,0.06425821051768876
2020-05-01,0.043625095669975744,0.04960176878098643,0.021037439240878975,0.002275085855233214,0.019002551214835073,0.03248674000704502,-0.0037997640620340833,0.03642491013356741
2020-06-01,0.04049039966663437,0.08907597825872582,0.011002382538739752,0.0019750858552332142,0.018095763070120396,0.035366811013499054,0.0025999454030292135,0.03268189446918246
2020-07-01,-0.0012392067479072288,0.06485825457479977,0.00973075010416835,0.0017750858552332144,0.012811998469457686,0.01722154314848967,0.003599689040946652,0.013572995544229638
2020-08-01,0.11628723032439647,-0.04869252583340444,0.004097218657197477,0.0014750858552332144,0.12049351687828747,0.03288498153019308,0.0024005403554596683,0.030411437292245713
2020-09-01,-0.0026062874705664596,-0.04667727185933446,-0.00140193170131242,0.0014750858552332144,0.005882077359389504,-0.01031025513283066,0.006400421095071218,-0.016604401069028718
2020-10-01,-0.0025857706097726085,0.0060784278563388305,0.0018429637936818732,0.0014750858552332144,0.011058031736502105,0.001803795785395499,0.008600176195112885,-0.006738428735315383
2020-11-01,0.037603051083652694,0.14359433544344524,0.013031827867856505,0.0013750858552332144,-0.09326185470145743,0.04061817511861625,0.00890013460534167,0.03143823598128681
2020-12-01,0.01949124150091519,0.08898817360711475,0.018129867562982405,0.0014750858552332144,-0.029975546695018562,0.029471931154901206,0.013500360884495022,0.015758820506455162
2021-01-01,0.04858267799662164,-0.051207321150463,0.0008925115177880194,0.0013750858552332144,0.05836303812963517,0.0076772499752525165,0.0024997347403781234,0.005164605092105257
2021-02-01,0.03306238186089305,-0.052468837690533676,-0.006133059793695272,0.0011750858552332143,-0.022471398928819886,-0.004093092550996264,0.008599889855394949,-0.012584754900390682
2021-03-01,0.05848985338856583,0.07523716404613445,0.0032641841401150895,0.0018750858552332144,-0.021537614138256722,0.032916936067691506,0.00930024918051453,0.023399069708297526
2021-04-01,-0.011067969587620463,0.019858176828891017,0.008576869444666402,0.0019750858552332142,-0.028843291390125092,0.0027385819906140304,0.0030997124087179806,-0.00036001447676303755
2021-05-01,-0.016638922940964584,0.055972339555476314,0.006734120532002841,0.0025750858552332145,0.017317278450814433,0.009891057456909408,0.008300672310538326,0.0015772925577115515
2021-06-01,-0.03282961685617947,-0.022075518053013332,-0.0014692062735013334,0.0029750858552332143,-0.05218901578275981,-0.017312367673233367,0.005300057844155104,-0.022493210202216063
2021-07-01,0.029957625359936735,-0.01757326773466905,0.00011885642397246876,0.0034750858552332143,0.008333445378213566,0.0061106031923085355,0.009599686654026662,-0.0034559078294501555
2021-08-01,0.02879243276176746,-0.0054403901140707145,0.0013458712350462587,0.004175085855233214,-0.009011454538614294,0.007846181865565544,0.008699876574363552,-0.0008463317272301429
2021-09-01,0.014126030036538673,-0.04525779741452529,0.009849695630038457,0.004275085855233215,0.05117819595505346,0.0018987918705862606,0.01159962900247602,-0.009589601314361595
2021-10-01,0.08880312702021786,-0.04274527040062803,-0.012522576150947873,0.004775085855233214,0.0381299052248687,0.015228103119565701,0.012499558393798349,0.0026948601637870606
2021-11-01,-0.029652187845874423,0.008533842197397057,0.02484114955782002,0.005775085855233214,0.020652138153529842,0.004068933109283246,0.009500690370207732,-0.005380637490136286
2021-12-01,0.03345171453977125,0.015628674418905808,0.007700373094073232,0.007575085855233215,-0.024925285830412536,0.015373888484582862,0.007299582434258545,0.008015794100511675
2022-01-01,-0.08651247389975569,0.07431296537270482,0.0009600931080135933,0.007175085855233214,-0.026512174975913405,-0.011673966308214314,0.005400291501362675,-0.016982547104775536
2022-02-01,-0.0655279195496914,-0.023605458434472704,0.010459039819771254,0.007475085855233214,-0.020039656014947393,-0.02082408013187917,0.010100616113204897,-0.03061546122413039
2022-03-01,-0.05878902023946431,0.09955233545879305,0.02590944781455895,0.009175085855233214,-0.03292918049907789,0.01144983541355067,0.016200500704719456,-0.004674929099005909
2022-04-01,-0.04418598634597848,-0.05227036473106761,0.01539373449059922,0.008175085855233214,0.031934859540101,-0.015546877784000669,0.010600180812643467,-0.025872802215034962
2022-05-01,-0.03796783520897973,0.042219548274560204,0.007652446056164441,0.010175085855233214,-0.08281833422051232,-0.0035176249035800567,0.004700072694457713,-0.008179254507267197
2022-06-01,0.014239779843642664,-0.08426162145454474,0.0031761049188128165,0.010075085855233215,0.10000829179011639,-0.005805779488023543,0.0067005775876050055,-0.01242311502949367
2022-07-01,0.05776806251695521,0.019421551813305182,-5.723383573341678e-05,0.010175085855233214,-0.06602200138565617,0.018399489806933084,-0.006800034077619643,0.02537205472127657
2022-08-01,-0.038240873921571494,0.042238593475156794,-0.00016122297886589365,0.011575085855233215,0.01614592477466603,-0.0017029821414914835,-0.003599529004437052,0.0019033981999734273
2022-09-01,-0.056381595852900035,-0.0184186034630065,0.004059920537462514,0.010575085855233214,-0.0062057888113644655,-0.018755766381292865,-0.002900356401053683,-0.015901530084807214
2022-10-01,0.029632052379047646,0.03988098049748867,0.018983249559280102,0.010075085855233215,-0.03797989011977543,0.023063871423696956,0.005900783945598009,0.017062405907248168
2022-11-01,0.08532054903838948,0.007428188838398686,-0.0034970617516677516,0.010075085855233215,0.04350169190751907,0.028361816666667095,0.004099607829673557,0.024163149400521444
2022-12-01,-0.05178002843860363,-0.01655492880243281,0.009237354601994818,0.011075085855233214,0.026801502931574905,-0.013256223011929318,0.006199682944266538,-0.019336028708800024
2023-01-01,0.045995179088092364,0.05847499437671533,0.013797454770102524,0.011075085855233214,0.031186775007028933,0.03312562755292489,0.005299586505593812,0.02767935192737303
2023-02-01,-0.00850943190023501,-0.075949209673146,0.013906581845794852,0.009075085855233214,-0.002331362215634236,-0.011842852584401813,0.008399913957347405,-0.02007414544722519
2023-03-01,0.004550632607663863,-0.020565995871963505,0.015008318466817938,0.011575085855233215,0.005561980434958258,0.004112171309143207,0.007100335666083257,-0.002967096972481653
2023-04-01,-0.0013654627647384787,0.03843577682578747,0.008855831315092821,0.009075085855233214,0.028601412518135527,0.012703673980441517,0.006100153260298891,0.006563482471147353
2023-05-01,0.007685333654890991,0.007939643189938117,0.005555531168897732,0.011075085855233214,0.014489697167903604,0.007393980353170855,0.002299251577821959,0.005083041583966885
2023-06-01,-0.001074904890302597,0.08742054376694153,0.010345514770133901,0.010575085855233214,-0.0780412903575961,0.017926532969232942,-0.0007996663305968044,0.01874118599526553
2023-07-01,0.019432480487032056,0.028003781579494236,0.009577263355276644,0.010575085855233214,-0.012547827055781502,0.015162768744091707,0.0011997087065218626,0.013946328505837213
2023-08-01,0.009285321868110818,-0.02874998083987923,0.0059495320353557535,0.011275085855233215,0.020552117425940652,0.001006773370658394,0.0023005605929267148,-0.00129081761812333
2023-09-01,-0.024081033502363458,0.012818817032178798,0.0011646844143780033,0.009575085855233215,0.015349796404935612,-0.0029484287655136337,0.00260051950539264,-0.0055345555512416045
2023-10-01,-0.0208496455561602,-0.03190846594172725,-0.0032790700765913394,0.009875085855233215,0.009492283970571336,-0.012979846394539819,0.002399763605376082,-0.015342790928640548
2023-11-01,0.06500857723962095,0.10653901621648476,0.01787031537446704,0.009075085855233214,0.010035162602657133,0.04891401498786456,0.0028004657021114543,0.04598477051311178
2023-12-01,0.027301966493229912,0.06862195438285923,0.014454198047914923,0.008775085855233214,0.0012029666581443443,0.028195562669375666,0.005600136588697291,0.022469593289166534
2024-01-01,0.02872522468174954,-0.035515634283200814,0.006618853898125776,0.009575085855233215,0.02674489373727984,0.005977981086760662,0.0042003345503722755,0.0017702110577211272
2024-02-01,0.04787792858421103,0.00864620407999328,0.005766406956206671,0.007875085855233215,0.00010231203681909662,0.018798052068347247,0.00829937133548575,0.010412265475238769
2024-03-01,0.03288869833508912,-0.012455793353692513,0.007534813219716385,0.008175085855233214,0.06902053743532943,0.01424915728220292,0.0015995520670966101,0.012629403826110108
2024-04-01,0.0013201967917599866,-0.006035372303406672,-0.0021952341556537025,0.008775085855233214,0.11766192893270522,0.004632741653982102,0.0037996022791790818,0.0008299857590214899
2024-05-01,0.05364802796316992,-0.01030713390907112,0.010324931700896212,0.008175085855233214,0.021719890708433276,0.019657703115678563,0.004600274972299756,0.014988477027635616
2024-06-01,0.08267606989029885,0.01951937479975374,0.0037587128425704552,0.007775085855233215,0.04879055628022955,0.03303846317084173,0.0021004885259912065,0.030873125997930462
2024-07-01,0.03587846894973956,0.018530740824033165,0.008973197475943051,0.008975085855233215,0.04962221817089496,0.020988833041412133,0.0038003258656977845,0.017123432552077045
2024-08-01,0.02415551355620038,0.066446455899978,0.005732994512815726,0.008575085855233214,0.02847784076870341,0.024681789383178835,-0.0001994865016525793,0.02488624035385878
2024-09-01,-0.01447691203636603,-0.007610382289462203,0.003860564004098066,0.008275085855233214,0.002116947288574922,-0.003801322809972617,0.00439962678532968,-0.008165026525896013
2024-10-01,0.03533468548404595,-0.01764736102723219,0.007226512090555026,0.009175085855233214,0.10915545591107945,0.01587806536430499,0.005599422622067696,0.010221408754826022
2024-11-01,0.08504180315719423,-0.0011020064390554474,0.003393616340088723,0.007775085855233215,0.032040421392632856,0.02864036155777597,0.003899760244332029,0.024644493696683867
2024-12-01,-0.001208895862116588,-0.049299671288029034,-0.0029628867871615006,0.009175085855233214,0.021299794960764507,-0.009884013690305497,0.005199772925788881,-0.015005760071145513
2025-01-01,-0.02764616245462248,0.03461325243961211,0.01866876222558589,0.009975085855233214,-0.03692719086081342,0.004748701391491023,0.0015998873318778806,0.0031437843588433267
2025-02-01,-0.0030911717218335966,-0.02819051600029021,0.006340482971572747,0.009775085855233215,0.07121872555516484,2.04290425408816e-05,0.013100651587629741,-0.012911078997521863
2025-03-01,-0.05522859127650448,0.05481224317729905,0.005292193915015231,0.009475085855233214,0.01114156658106702,-0.0024584185596704285,0.005600254266810767,-0.008013793544987546
2025-04-01,-0.004515394331215616,0.038369753234798853,0.017461883939016154,0.010475085855233214,0.06301187665248364,0.016978434048587388,0.004300671600385275,0.012623473036217137
2025-05-01,0.06541405030264724,0.012648756933221206,0.005993752821426224,0.011275085855233215,0.03650657777308397,0.026940550787424765,0.0026001368782415657,0.024277289633104493
2025-06-01,-0.0020430518937671893,0.017192839675856497,0.0042918218260217245,0.010875085855233214,-0.03184051347612993,0.0034941097164049974,0.002400122816107686,0.0010913674842973897
2025-07-01,0.040031390091397556,-0.030134639111235817,0.0027242711399693142,0.012675085855233215,0.022119892539257835,0.00881194658088438,0.0025994910412594496,0.0061963481880218385
2025-08-01,-0.007193852568884385,0.05318126613870788,0.01168281743263555,0.011475085855233214,-0.023720081780681634,0.012538974633858063,-0.0011006576668238788,0.013654661408448954
2025-09-01,0.01490000246132972,0.027818076525077284,0.006394417282854947,0.012075085855233215,0.0669621144087238,0.016543242969754204,0.004799348981623375,0.011687800156353179
2025-10-01,0.033872888235178644,0.017344274853587027,0.010089742589915351,0.012675085855233215,0.11951904496009513,0.02427632501800356,0.0008995714126531773,0.02335574344622482
2025-11-01,-0.009390542554395642,0.052702961863228426,0.010592956988668911,0.010375085855233215,-0.0027745863017053507,0.012340637379470951,0.001800241118267376,0.010521455105099387
2025-12-01,0.04221316292596211,0.014193929039679976,0.009313093577980602,0.012075085855233215,0.08717528660636242,0.02419049073999665,0.0032999319685482753,0.020821848089294104
2026-01-01,-0.021350395310463233,0.10516097884198361,0.011878984349733335,0.011475085855233214,0.047973736658590393,0.02235111204084227,0.003299884240655304,0.018988567724799177
2026-02-01,-0.0018678926384565475,0.043348283555003864,0.012010228904269615,0.009875085855233215,0.03942291895768846,0.01537828072181774,0.0069994560915058734,0.008320585060525021
2026-03-01,-0.06112591923224442,-0.002733577401213716,0.013774993385291756,0.011975085855233214,-0.020010880491659222,-0.013776283627620668,0.008799806409606648,-0.02237915778114319
2026-04-01,0.05223363562731498,-0.012204380996631015,0.013003911305066618,0.010775085855233214,-0.07126967200642675,0.01540604970333526,0.006700655885007567,0.00864745023005331
2026-05-01,0.0657566119873434,-0.07658321784274158,0.009509775515549546,0.010575085855233214,-0.01555337339368601,0.00796533585695188,0.005800352549798493,0.0021524980595450938
2026-06-01,0.014199556535197111,0.017474873978229777,0.0020181895343041045,0.011075085855233214,-0.056917780992247424,0.006269982813076019,0.0015994450370739877,0.004663079436739492
